txn_id,posted_date,description,amount_raw,currency,account,merchant_contact,channel,status,notes
TXN-2024-0001,12/09/2024,INTL PURCHASE UBER   *TRIP HELP.UBER.COM FX RATE 1.0503 FEE 3% CARD ****0265,$495.12,USD,****9117,(822) 782-4896 x383,online,Pending,Duplicate charge? see see original INV-2024-84969.
TXN-24-0002,2024-08-17,POS PURCHASE COMCAST CABLE COMM BOSTON MA CARD 4983 REF#QAEDQECX TERM:E8RT7,-$310.60,USD,XXXX-XXXX-XXXX-1241,+44 20 7401 6400,ACH,FAILED,VAT DE353462475 charged at 1.5%. Contact finance.ops@initech.io.
txn_2024_0003,24.03.2024,POS DEBIT SQ *BLUE BOTTLE COFFEE SAN FRANCISCO CA ****5869 SEQ 232260,"-$2,693.89",USD,DE20 G3QM 8708 3172 7889,finance.ops@billing.vendorhub.com,ONLINE,CLEARED,Approved by j.okafor@initech.io; PO#564823; discount 7.25% applied at 24.03.2024 12:43:47.
TXN20240004,15/09/2024,WIRE TRANSFER OUT BENE:LYFT   *RIDE THU 4PM IBAN DE3437B05627298069 REF 7RT4EURT FEE $25.00,"-£2,280.28",GBP,ACCT NO 9453147379,+1-507-527-3545,ACH,cleared,Late fee of 5% assessed 2024-09-15 19:38:47; ref REF-XA27G3.
txn_2024_0005,"Jan 17, 2024",REVERSAL PENDING DELTA AIR LINES 0062314455 DISPUTE CASE#74BFUQ1R,"£3,457.34",GBP,GB90 3WSB 1399 0490 2787,967-175-6551,ONLINE,posted,No contact info on file.
TXN-2024-0006,2024-12-16,CHECK #0449 PAID DENVER CO,"-$3,905.77",,DE79 KQ5S 7407 4821 7594,+1-474-367-1369,ACH,cleared,Duplicate charge? see see original INV-2024-62702.
TX 2024/0007,"Jan 27, 2024",ONLINE TRANSFER TO SAVINGS ****2145 CONF UQYQNSJG,"-$2,717.98",USD,NL58 G48Q 9084 7007 6617,+1-115-921-2499,atm,CLEARED,Late fee of 12.5% assessed 01/27/2024 01:25:17; ref REF-SMHBJA.
TX 2024/0008,"Oct 17, 2024",INTL PURCHASE APPLE.COM/BILL FX RATE 1.0022 FEE 3% CARD ****5271,"USD -2,066.95",USD,FR16 BWL5 5161 3696 8164,521-818-8355,online,FAILED,Card on file ending 1076; billing email billing at acme-corp dot com.
TXN-24-0009,2024-02-05,ONLINE TRANSFER TO SAVINGS ****8147 CONF 54WWK4E6,-$736.74,USD,****4124,invoices2024@acme-corp.com,Card_Not_Present,FAILED,Duplicate charge? see see original INV-2024-35733.
TX 2024/0010,01/14/2024,POS DEBIT CVS/PHARMACY #08921 BOSTON MA ****0432 SEQ 898614,"-$1,134.41",USD,****1658,+44 20 5690 9275,ACH,PENDING,No contact info on file.
TX 2024/0011,2024-03-17,POS DEBIT AMZN Mktp US*2K48L9XY3 ATLANTA GA ****7271 SEQ 551884,"-$1,340.24",USD,5327-8774-7016-8733,(047) 974-8016,Card_Not_Present,Pending,SSN 473-21-0469 was pasted here by mistake - must be redacted.
TXN-2024-0012,02.06.2024,CHECK #3091 PAID DENVER CO,-$937.16,,2677-3454-0193-8026,067-240-0499,card_present,Pending,Card on file ending 7338; billing email invoices2024@billing.vendorhub.com.
TXN20240013,11/18/2024,CHECK #3918 PAID MIAMI FL,-$647.19,USD,ACCT NO 1069033119,billing@northwind.co.uk,online,POSTED,Approved by j.okafor at billing dot vendorhub dot com; PO#908740; discount 7.25% applied at 11/18/2024 00:47:13.
TX 2024/0014,2024-04-18,CHECK #7354 PAID MIAMI FL,-274.23,USD,7700-8860-0848-4086,118-233-9845,ACH,FAILED,Late fee of 2% assessed 18.04.2024 04:01:16; ref REF-D9CEDA.
TXN20240015,06/13/2024,WIRE TRANSFER OUT BENE:COMCAST CABLE COMM IBAN GB18YDG33159996504 REF 1006DALF FEE $25.00,"USD -3,347.79",USD,ACCT NO 9245937526,793.564.6519,Card_Not_Present,cleared,"Approved by m_ruiz@northwind.co.uk; PO#101581; discount 10% applied at Jun 13, 2024 10:55:24."
TX 2024/0016,"Nov 25, 2024",INTL PURCHASE ADOBE  *CREATIVE CLD FX RATE 1.0571 FEE 3% CARD ****9688,"-$2,217.67",USD,DE78 ML7U 2257 9050 7236,7676772190,ONLINE,FAILED,"Refund issued to ap.team@initech.io on 25/11/2024 18:27:24, expect 5-7 business days."
TX 2024/0017,01/09/2024,DEPOSIT PAYROLL INITECH LLC DIR DEP PPD ID:3LJPPDYTLW,"-$3,748.32",USD,****2189,finance.ops@initech.io,online,posted,"Refund issued to finance.ops@mail on 2024-01-09 13:12:44, expect 5-7 business days."
TXN-2024-0018,2024-10-22,ACH DEBIT SQ *BLUE BOTTLE COFFEE ID:R7E9AZWJ02 PPD REF Y3WJRTFR,"-$4,304.01",USD,****6174,518.705.3494,online,cleared,No contact info on file.
TX 2024/0019,"Jun 19, 2024",INTL PURCHASE SHELL OIL 57445103 FX RATE 1.0474 FEE 3% CARD ****3670,"-JPY 3,725.04",JPY,****4626,j.okafor@mail.smallshop.fr,ONLINE,cleared,Approved by m_ruiz@@mail.smallshop.fr; PO#171210; discount 1.5% applied at 20240619 07:08:12.
txn_2024_0020,2024-12-12,  DEPOSIT  PAYROLL ACME CORP DIR DEP PPD ID:MMRWYBYKN7   ,"-$1,653.66",USD,DE18 FX6B 6296 2015 3368,+44 20 7205 0614,ONLINE,CLEARED,Call +1-528-953-9264 ext 725 to dispute. Case opened 12.12.2024 18:06:59.
TXN-2024-0021,2024-04-04,POS DEBIT HOME DEPOT #6612 MIAMI FL ****4774 SEQ 349021,"-$1,403.17",USD,****0307,j.okafor@initech.io,ACH,FAILED,Vendor contact invoices2024@acme-corp.com / +1-229-991-1914. Invoice INV-2024-85646 due in 45 days.
TX 2024/0022,21/07/2024,REVERSAL PENDING CVS/PHARMACY #08921 DISPUTE CASE#6YYLSFUB,"-£1,163.96",GBP,NL00 NZAW 8300 3354 2168,104-478-9856,online,posted,Card on file ending 2175; billing email billing@billing.vendorhub.com.
txn_2024_0023,25.06.2024,  REFUND  APPLE.COM/BILL ORIG TXN TXN-2024-0121 CARD ****0016   ,"(4,407.67)",USD,ACCT NO 9163756289,no-reply@billing.vendorhub.com,ONLINE,PENDING,"Refund issued to m_ruiz at mail dot smallshop dot fr on 2024-06-25 11:52:21, expect 5-7 business days."
txn_2024_0024,2024-02-25,  POS  PURCHASE TARGET        T-1938 AUSTIN TX CARD 4838 REF#01RF544F TERM:74WH7   ,"-$4,656.80",USD,XXXX-XXXX-XXXX-3805,(983) 863-8406,wire,PENDING,Late fee of 7.25% assessed 02/25/2024 09:28:51; ref REF-2U3A9G.
TXN-2024-0025,"Jan 1, 2024",REVERSAL PENDING APPLE.COM/BILL DISPUTE CASE#NNU4MEMM,"-4.170,94 EUR",EUR,FR24 ZAKH 0099 6881 4353,no-reply@northwind.co.uk,Card_Not_Present,posted,SSN 491-47-6607 was pasted here by mistake - must be redacted.
TXN-2024-0026,2024-04-04,CHECK #9308 PAID SAN FRANCISCO CA,"(4,091.32)",USD,****3651,j.okafor@billing.vendorhub.com,Card_Not_Present,CLEARED,Call +44 20 3928 2722 ext 567 to dispute. Case opened 2024-04-04 21:13:33.
TXN-2024-0027,"Apr 2, 2024",CHECK #3765 PAID SEATTLE WA,-$649.70,USD,FR90 M74A 3843 0988 3920,no-reply@acme-corp.com,ACH,FAILED,EIN 68-8725887 on file. W-9 received. Remit to ap.team@initech.io.
TXN-2024-0028,"Nov 13, 2024",INTL PURCHASE COMCAST CABLE COMM FX RATE 1.0333 FEE 3% CARD ****1818,-$77.21,USD,ACCT NO 3143866322,invoices2024 at globex-industries dot net,ONLINE,CLEARED,EIN 08-5627187 on file. W-9 received. Remit to j.okafor@billing.vendorhub.com.
txn_2024_0029,20241211,  DEPOSIT  PAYROLL NORTHWIND TRADING DIR DEP PPD ID:UYW874F0U5   ,"-2.699,80 EUR",EUR,****6866,invoices2024@globex-industries.net,Card_Not_Present,Pending,Approved by finance.ops@@billing.vendorhub.com; PO#820055; discount 7.25% applied at 11/12/2024 17:59:17.
TX 2024/0030,08.11.2024,INTL PURCHASE AMZN Mktp US*2K48L9XY3 FX RATE 1.0764 FEE 3% CARD ****5020,"USD -2,944.79",USD,8218-2744-8570-8620,935.186.3878,Card_Not_Present,cleared,Call 8147435031 ext 925 to dispute. Case opened 20241108 22:30:44.
TXN-2024-0031,2024-07-21,POS PURCHASE TST* THE FRENCH LAUNDRY BOSTON MA CARD 4220 REF#NG7NGC07 TERM:9SDZQ,"$3,163.87",USD,NL99 8FQ3 4622 5179 0864,no-reply@northwind.co.uk,wire,cleared,Reconciled reconciled against statement STMT-2024-04888.
TXN-2024-0032,21.07.2024,CHECK #3940 PAID MIAMI FL,"-4,785.99",USD,XXXX-XXXX-XXXX-1881,no-reply@mail.smallshop.fr,card_present,FAILED,No contact info on file.
txn_2024_0033,2024-07-10,INTL PURCHASE APPLE.COM/BILL FX RATE 1.0086 FEE 3% CARD ****8975,"USD -4,292.19",USD,GB97 RP65 6719 9038 4983,support+eu at acme-corp dot com,ONLINE,POSTED,No contact info on file.
txn_2024_0034,05/11/2024,ACH DEBIT SPOTIFY USA ID:DG9F6U3WS9 PPD REF M5ZCFVWZ,"£2,003.43",GBP,ACCT NO 8452182307,ap.team@acme-corp.com,ACH,POSTED,SSN 031-78-0782 was pasted here by mistake - must be redacted.
TXN-2024-0035,"Jun 15, 2024",INTL PURCHASE HOME DEPOT #6612 FX RATE 1.0329 FEE 3% CARD ****4109,"£3,678.48",GBP,ACCT NO 0227846997,support+eu@initech.io,atm,FAILED,Duplicate charge? see see original INV-2024-59928.
TXN20240036,2024-12-12,CHECK #3846 PAID DENVER CO,"-JPY 2,936.52",JPY,****5129,766-372-3950,online,Pending,Duplicate charge? see see original INV-2024-18949.
TXN-2024-0037,15/03/2024,CHECK #6921 PAID SEATTLE WA,"-$3,582.41",USD,ACCT NO 6157173203,j.okafor@globex-industries.net,wire,POSTED,Approved by m_ruiz@globex-industries.net; PO#391741; discount 1.5% applied at 2024-03-15 02:36:46.
TXN-2024-0038,08/18/2024,  POS  PURCHASE ADOBE  *CREATIVE CLD SAN FRANCISCO CA CARD 4050 REF#XC1HP95K TERM:QECK7   ,"-JPY 4,639.67",JPY,****6363,billing@globex-industries.net,Card_Not_Present,posted,Call +44 20 9092 7914 ext 340 to dispute. Case opened 2024-08-18 14:49:40.
txn_2024_0039,13/03/2024,ATM WITHDRAWAL MIAMI FL FEE $3.50 CARD ****9292,-$934.76,USD,****4112,finance.ops@northwind.co.uk,ONLINE,posted,Call +1-262-570-1658 ext 905 to dispute. Case opened 2024-03-13 12:23:29.
TXN-2024-0040,2024-05-14,ATM WITHDRAWAL SEATTLE WA FEE $3.50 CARD ****7492,-JPY 636.77,JPY,FR19 0FA2 4628 7923 2648,m_ruiz@billing.vendorhub.com,ACH,PENDING,Duplicate charge? see see original INV-2024-14069.
TXN-2024-0041,"Apr 1, 2024",ONLINE TRANSFER TO SAVINGS ****7158 CONF 2M7RBHT7,"-1.443,26 EUR",EUR,XXXX-XXXX-XXXX-2801,7592712566,Card_Not_Present,cleared,EIN 76-0310890 on file. W-9 received. Remit to ap.team@globex-industries.net.
TX 2024/0042,02/25/2024,ACH DEBIT SHELL OIL 57445103 ID:49FHK11GLE PPD REF CFW7H0U5,JPY 532.63,JPY,****3334,+44 20 6986 4079,card_present,Pending,Vendor contact invoices2024@billing.vendorhub.com / +44 20 3477 8485. Invoice INV-2024-88006 due in 7 days.
txn_2024_0043,11/07/2024,ONLINE TRANSFER TO SAVINGS ****4963 CONF 8XLVZ3N7,USD -483.42,USD,0785-1586-7342-5754,billing@mail.smallshop.fr,online,FAILED,Card on file ending 8984; billing email ap.team@mail.smallshop.fr.
txn_2024_0044,"May 18, 2024",ONLINE TRANSFER TO SAVINGS ****6041 CONF 40A1SVFR,"-3,364.01",USD,FR28 CMSL 8757 2158 6241,finance.ops@initech.io,online,Pending,Reconciled reconciled against statement STMT-2024-10867.
txn_2024_0045,20240520,REFUND CON EDISON OF NY ORIG TXN TXN-2024-0042 CARD ****6170,"-2.483,16 EUR",EUR,XXXX-XXXX-XXXX-9081,1866179454,atm,POSTED,Duplicate charge? see see original INV-2024-61032.
TXN-2024-0046,2024-02-24,REFUND LYFT   *RIDE THU 4PM ORIG TXN TXN-2024-0011 CARD ****8006,(877.46),USD,XXXX-XXXX-XXXX-2280,619.318.3745,ONLINE,Pending,"Approved by invoices2024@globex-industries.net; PO#814671; discount 7.25% applied at Feb 24, 2024 20:22:28."
txn_2024_0047,05/05/2024,POS DEBIT WHOLEFDS MKT #10245 PORTLAND OR ****8712 SEQ 552137,"-£2,901.97",GBP,ACCT NO 9268315893,712.661.1062,wire,posted,"Refund issued to m_ruiz@globex-industries.net on 05/05/2024 12:46:46, expect 5-7 business days."
TXN-2024-0048,"Jun 22, 2024",  REFUND  CVS/PHARMACY #08921 ORIG TXN TXN-2024-0247 CARD ****1377   ,"(2,492.62)",USD,ACCT NO 0461526546,(033) 993-7886,card_present,Pending,Call +44 20 5807 4120 ext 018 to dispute. Case opened 2024-06-22 15:32:57.
TX 2024/0049,18.08.2024,RECURRING PMT WHOLEFDS MKT #10245 SUB PLAN-A1 INV-28914 DUE 2024-08-20,"-$1,958.04",USD,****5664,finance.ops@initech.io,atm,FAILED,"Refund issued to invoices2024@billing.vendorhub.com on 2024-08-18 19:40:19, expect 5-7 business days."
txn_2024_0050,09.01.2024,REFUND WHOLEFDS MKT #10245 ORIG TXN TXN-2024-0006 CARD ****6095,"-£1,520.35",GBP,3375-6362-0501-5081,support+eu@acme-corp.com,card_present,posted,Reconciled reconciled against statement STMT-2024-97232.
TX 2024/0051,20240308,CHECK #7749 PAID SAN FRANCISCO CA,"-£1,633.43",GBP,GB78 K1QQ 3738 9877 5153,invoices2024@northwind.co.uk,wire,PENDING,EIN 46-0273415 on file. W-9 received. Remit to j.okafor@globex-industries.net.
TX 2024/0052,2024-06-05,POS PURCHASE ADOBE  *CREATIVE CLD SEATTLE WA CARD 4755 REF#Q231VWBC TERM:JKX10,"$4,528.30",USD,ACCT NO 2577711837,no-reply@northwind.co.uk,ONLINE,POSTED,VAT FR841376815 charged at 2%. Contact finance.ops@initech.io.
TXN-2024-0053,2024-03-10,  ONLINE  TRANSFER TO SAVINGS ****0900 CONF 4YMPCP4D   ,-$811.49,USD,8338-1674-2336-2934,j.okafor@initech.io,ONLINE,FAILED,EIN 74-3263039 on file. W-9 received. Remit to finance.ops@acme-corp.com.
TXN-2024-0054,"Jun 13, 2024",DEPOSIT PAYROLL GLOBEX INDUSTRIES DIR DEP PPD ID:NAA8Z7121Z,"-$2,030.97",USD,ACCT NO 1004090138,+1-984-775-9655,online,Pending,No contact info on file.
TX 2024/0055,22/06/2024,ATM WITHDRAWAL CHICAGO IL FEE $3.50 CARD ****0505,"-$4,681.55",USD,XXXX-XXXX-XXXX-6618,386.125.9047,online,posted,Reconciled reconciled against statement STMT-2024-69040.
TX 2024/0056,23.08.2024,INTL PURCHASE SPOTIFY USA FX RATE 1.0189 FEE 3% CARD ****5962,"-$1,009.64",USD,****4359,(892) 625-6609 x314,card_present,cleared,No contact info on file.
TXN-2024-0057,07/03/2024,WIRE TRANSFER OUT BENE:UBER   *TRIP HELP.UBER.COM IBAN DE3925M45784468341 REF AG0Q0GHM FEE $25.00,"$4,364.70",USD,XXXX-XXXX-XXXX-0167,no-reply@globex-industries.net,card_present,PENDING,Approved by finance.ops@acme-corp.com; PO#890972; discount 12.5% applied at 20240703 16:57:14.
TX 2024/0058,2024-11-09,REFUND STARBUCKS STORE #1147 ORIG TXN TXN-2024-0096 CARD ****0266,"-$1,439.02",USD,ACCT NO 9109337118,738.202.3684,ONLINE,FAILED,Approved by no-reply@northwind.co.uk; PO#335670; discount 10% applied at 09/11/2024 20:03:19.
TXN-2024-0059,15.06.2024,REVERSAL PENDING ADOBE  *CREATIVE CLD DISPUTE CASE#BLTJUCDN,"2,095.38",,****1851,finance.ops@northwind.co.uk,ACH,Pending,Vendor contact billing@initech.io / 424-089-1649. Invoice INV-2024-83735 due in 30 days.
TXN-24-0060,02.04.2024,POS PURCHASE TARGET        T-1938 AUSTIN TX CARD 4018 REF#UG82KAQB TERM:Q30KY,"(2,610.94)",USD,ACCT NO 5704120092,@mail.smallshop.fr,atm,CLEARED,Duplicate charge? see see original INV-2024-68931.
TXN-24-0061,20240910,POS DEBIT DELTA AIR LINES 0062314455 ATLANTA GA ****0563 SEQ 411159,"EUR -755,59",EUR,XXXX-XXXX-XXXX-1687,billing@billing.vendorhub.com,online,POSTED,Card on file ending 1274; billing email billing@initech.io.
TXN-2024-0062,"Jan 5, 2024",REFUND SHELL OIL 57445103 ORIG TXN TXN-2024-0095 CARD ****6515,-£762.33,GBP,XXXX-XXXX-XXXX-6491,(110) 961-7981 x789,ONLINE,POSTED,Late fee of 10% assessed 05.01.2024 00:28:53; ref REF-522YY3.
txn_2024_0063,2024-04-08,REVERSAL PENDING TST* THE FRENCH LAUNDRY DISPUTE CASE#21AZQ8UT,"EUR -552,70",EUR,****4473,847.768.6342,Card_Not_Present,CLEARED,EIN 66-5722402 on file. W-9 received. Remit to j.okafor@mail.smallshop.fr.
TXN-2024-0064,02/19/2024,RECURRING PMT DELTA AIR LINES 0062314455 SUB PLAN-PRO INV-25105 DUE 21.02.2024,"-798,06 €",EUR,FR22 5HJW 2967 1883 9774,j.okafor@acme-corp.com,ACH,FAILED,Late fee of 12.5% assessed 2024-02-19 02:30:06; ref REF-W3QLFN.
TXN-2024-0065,"Jun 18, 2024",  RECURRING  PMT TST* THE FRENCH LAUNDRY SUB PLAN-A1 INV-27113 DUE 2024-06-20   ,"-3.107,48 €",EUR,0737-1009-4388-2211,finance.ops@globex-industries.net,online,Pending,Card on file ending 4325; billing email invoices2024@northwind.co.uk.
TXN-2024-0066,"Nov 16, 2024",WIRE TRANSFER OUT BENE:ADOBE  *CREATIVE CLD IBAN DE79YUHA7272849824 REF 6HT9BK2Q FEE $25.00,"-$3,973.80",USD,GB29 VR8Z 2989 4062 6078,billing@@initech.io,ACH,cleared,Approved by @acme-corp.com; PO#430753; discount 12.5% applied at 16.11.2024 12:27:25.
txn_2024_0067,2024-10-16,  DEPOSIT  PAYROLL GLOBEX INDUSTRIES DIR DEP PPD ID:B841DHV16M   ,-$586.00,USD,****7590,176.298.3347,wire,CLEARED,Late fee of 5% assessed 16/10/2024 22:54:50; ref REF-LQGG76.
TXN-2024-0068,20240424,RECURRING PMT TST* THE FRENCH LAUNDRY SUB PLAN-ENT INV-30985 DUE 2024-04-26,"-$3,882.30",USD,****1027,support+eu at billing dot vendorhub dot com,ACH,posted,EIN 00-0389608 on file. W-9 received. Remit to billing@northwind.co.uk.
txn_2024_0069,2024-08-22,CHECK #0850 PAID DENVER CO,"$1,203.58",,ACCT NO 8795083044,support+eu@billing.vendorhub.com,online,POSTED,Duplicate charge? see see original INV-2024-67320.
TXN-2024-0070,04.06.2024,"  RECURRING  PMT HOME DEPOT #6612 SUB PLAN-ENT INV-11398 DUE Jun 6, 2024   ","-$2,454.68",USD,8120-9957-6572-8941,billing@billing.vendorhub.com,atm,cleared,SSN 015-76-7647 was pasted here by mistake - must be redacted.
TX 2024/0071,10.07.2024,  ACH  DEBIT SPOTIFY USA ID:8LBCNA7BZP PPD REF 9TWGYULH   ,-$859.27,,XXXX-XXXX-XXXX-8360,456.676.6404,wire,CLEARED,"Refund issued to support+eu@northwind.co.uk on Jul 10, 2024 06:45:11, expect 5-7 business days."
TXN20240072,"Nov 27, 2024",ACH DEBIT SHELL OIL 57445103 ID:2PRACB9G81 PPD REF XJBB0FXY,"USD -1,065.01",USD,ACCT NO 3577881161,no-reply@billing.vendorhub.com,online,POSTED,VAT GB379312697 charged at 7.25%. Contact j.okafor@acme-corp.com.
TXN20240073,20240828,ACH DEBIT PAYPAL *STEAMGAMES ID:PXJL96AW2M PPD REF 21AUH3UT,"JPY 2,038.09",JPY,ACCT NO 6398365203,billing@billing.vendorhub.com,ACH,Pending,EIN 02-8767548 on file. W-9 received. Remit to no-reply at acme-corp dot com.
TX 2024/0074,17.05.2024,WIRE TRANSFER OUT BENE:UBER   *TRIP HELP.UBER.COM IBAN GB41M4CT9386204485 REF STDB657M FEE $25.00,-£164.32,GBP,****5150,support+eu@mail.smallshop.fr,card_present,posted,Approved by billing@northwind.co.uk; PO#334324; discount 5% applied at 17.05.2024 14:16:05.
TX 2024/0075,15/03/2024,DEPOSIT PAYROLL GLOBEX INDUSTRIES DIR DEP PPD ID:LV9NJJXDFV,"-$2,109.21",USD,XXXX-XXXX-XXXX-1978,support+eu@billing.vendorhub.com,ACH,POSTED,"Refund issued to ap.team@globex-industries.net on Mar 15, 2024 12:58:04, expect 5-7 business days."
TX 2024/0076,2024-09-25,ATM WITHDRAWAL DENVER CO FEE $3.50 CARD ****4654,-$724.83,USD,****7851,support+eu@initech.io,ACH,FAILED,"Refund issued to ap.team@globex-industries.net on 09/25/2024 08:00:26, expect 5-7 business days."
TXN-2024-0077,15.11.2024,  ATM  WITHDRAWAL MIAMI FL FEE $3.50 CARD ****9422   ,-$803.24,USD,ACCT NO 5237341517,+1-345-475-7494,atm,POSTED,No contact info on file.
txn_2024_0078,10.09.2024,INTL PURCHASE SQ *BLUE BOTTLE COFFEE FX RATE 1.0581 FEE 3% CARD ****9429,"(2,706.52)",USD,3548-8471-2705-8772,m_ruiz@acme-corp.com,ONLINE,PENDING,SSN 694-72-5878 was pasted here by mistake - must be redacted.
TX 2024/0079,2024-03-07,CHECK #7411 PAID PORTLAND OR,"EUR -1.026,19",EUR,XXXX-XXXX-XXXX-8749,ap.team@@billing.vendorhub.com,atm,FAILED,Reconciled reconciled against statement STMT-2024-48574.
TXN-2024-0080,26.03.2024,  REVERSAL  PENDING UBER   *TRIP HELP.UBER.COM DISPUTE CASE#3T54KXEM   ,"-$2,756.33",USD,****2073,m_ruiz@billing.vendorhub.com,ACH,POSTED,Late fee of 10% assessed 2024-03-26 14:01:00; ref REF-KJ6CDP.
TXN-24-0081,2024-01-16,POS PURCHASE STARBUCKS STORE #1147 BOSTON MA CARD 4869 REF#9LLGAYQF TERM:2EH65,"-$4,385.47",USD,2521-2932-8963-4064,invoices2024@globex-industries.net,wire,Pending,EIN 56-0821371 on file. W-9 received. Remit to @acme-corp.com.
TXN-24-0082,20240103,  INTL  PURCHASE SQ *BLUE BOTTLE COFFEE FX RATE 1.0766 FEE 3% CARD ****5134   ,"-1,498.12",USD,ACCT NO 6527155983,ap.team@mail.smallshop.fr,wire,Pending,Approved by m_ruiz@mail.smallshop.fr; PO#986091; discount 10% applied at 20240103 20:06:36.
TX 2024/0083,20241106,REVERSAL PENDING HOME DEPOT #6612 DISPUTE CASE#ZLLWBHNV,"-4.109,19 EUR",EUR,****5911,6233922071,ACH,POSTED,Duplicate charge? see see original INV-2024-92187.
TXN-24-0084,2024-10-23,INTL PURCHASE UBER   *TRIP HELP.UBER.COM FX RATE 1.0441 FEE 3% CARD ****3515,"-£1,958.43",GBP,ACCT NO 0800463580,+44 20 2351 3739,online,cleared,Call +1-392-957-8671 ext 918 to dispute. Case opened 23/10/2024 21:45:48.
txn_2024_0085,07/07/2024,RECURRING PMT STARBUCKS STORE #1147 SUB PLAN-A1 INV-28524 DUE 09.07.2024,"£1,396.60",GBP,ACCT NO 7727853242,+1-425-064-2076,online,cleared,Approved by support+eu@globex-industries.net; PO#323570; discount 7.25% applied at 2024-07-07 07:38:33.
TXN20240086,2024-03-27,REFUND SHELL OIL 57445103 ORIG TXN TXN-2024-0019 CARD ****9578,"-1,949.88",USD,DE54 N8T9 0752 0344 7650,finance.ops@mail.smallshop.fr,card_present,Pending,Duplicate charge? see see original INV-2024-41822.
TXN-2024-0087,28.03.2024,POS PURCHASE ADOBE  *CREATIVE CLD SEATTLE WA CARD 4463 REF#600CT0XZ TERM:832XJ,"-JPY 3,527.21",JPY,NL56 554K 2660 2562 6506,+44 20 4530 7624,ONLINE,FAILED,EIN 04-4210175 on file. W-9 received. Remit to finance.ops@billing.vendorhub.com.
TXN-2024-0088,04/07/2024,ACH DEBIT ADOBE  *CREATIVE CLD ID:9UXZJZ6EB4 PPD REF GEW6UKR9,"-$2,079.69",USD,XXXX-XXXX-XXXX-8752,billing@mail.smallshop.fr,wire,CLEARED,Late fee of 2% assessed 20240407 20:12:59; ref REF-40L4WG.
TXN-24-0089,"Mar 11, 2024",ATM WITHDRAWAL DENVER CO FEE $3.50 CARD ****5551,"(3,090.63)",USD,ACCT NO 3191009004,769.210.5336,online,Pending,Late fee of 12.5% assessed 03/11/2024 14:01:28; ref REF-VAPMXP.
txn_2024_0090,20240721,WIRE TRANSFER OUT BENE:AMZN Mktp US*2K48L9XY3 IBAN DE0037QD4519577825 REF PHB6MAHF FEE $25.00,"-$4,313.26",USD,****3000,ap.team@acme-corp.com,ACH,PENDING,Late fee of 2% assessed 20240721 22:25:05; ref REF-2GQ5KN.
TXN-2024-0091,2024-06-22,REFUND UBER   *TRIP HELP.UBER.COM ORIG TXN TXN-2024-0061 CARD ****6995,"-$1,443.48",USD,****6050,m_ruiz@@billing.vendorhub.com,ACH,FAILED,Card on file ending 3210; billing email no-reply at acme-corp dot com.
TXN20240092,28/04/2024,REVERSAL PENDING SQ *BLUE BOTTLE COFFEE DISPUTE CASE#M0EKJ8KE,"-3,188.55",USD,XXXX-XXXX-XXXX-8963,finance.ops@billing.vendorhub.com,card_present,PENDING,Reconciled reconciled against statement STMT-2024-35539.
TXN-2024-0093,04/06/2024,POS PURCHASE CON EDISON OF NY DENVER CO CARD 4014 REF#GTJG3PCD TERM:AHXTU,"$3,649.44",,****1219,(418) 472-4264,ONLINE,posted,Card on file ending 7616; billing email invoices2024@acme-corp.com.
TX 2024/0094,05/06/2024,POS PURCHASE SHELL OIL 57445103 DENVER CO CARD 4924 REF#63LRBNEE TERM:GTMH5,-$446.08,USD,2012-8400-8385-0765,+1-595-450-8917,ONLINE,PENDING,"Refund issued to m_ruiz@billing.vendorhub.com on 06/05/2024 20:48:09, expect 5-7 business days."
TXN-2024-0095,2024-01-22,POS DEBIT CON EDISON OF NY PORTLAND OR ****0236 SEQ 936268,"-2.720,00 EUR",EUR,XXXX-XXXX-XXXX-1091,0326714949,ONLINE,cleared,VAT DE392529596 charged at 2%. Contact no-reply at billing dot vendorhub dot com.
TX 2024/0096,05/05/2024,ONLINE TRANSFER TO SAVINGS ****6345 CONF QUC1XL64,"-$1,250.50",USD,****3736,@initech.io,card_present,cleared,Reconciled reconciled against statement STMT-2024-43260.
TXN20240097,11/02/2024,CHECK #2252 PAID ATLANTA GA,"-$2,565.26",USD,****0452,(289) 915-1145 x512,atm,posted,Card on file ending 4864; billing email invoices2024@acme-corp.com.
TXN-2024-0098,02/04/2024,CHECK #9443 PAID NEW YORK NY,"-2,642.57",,FR43 4NT6 6427 3720 3763,8214584148,ONLINE,Pending,Approved by j.okafor@mail.smallshop.fr; PO#190310; discount 7.25% applied at 2024-04-02 10:13:28.
TXN-2024-0099,"Feb 19, 2024",  WIRE  TRANSFER OUT BENE:COMCAST CABLE COMM IBAN GB11JQ2C3768118723 REF 9M79AKBW FEE $25.00   ,"JPY 4,314.48",JPY,GB12 PEK2 1632 4888 9957,j.okafor@globex-industries.net,wire,posted,VAT GB230233324 charged at 10%. Contact finance.ops@northwind.co.uk.
TXN-2024-0100,"May 11, 2024",POS PURCHASE HOME DEPOT #6612 MIAMI FL CARD 4364 REF#05FHJDQH TERM:61JD9,"-$3,521.32",,GB63 R25Y 0982 2104 0164,(880) 442-8773,atm,posted,"Approved by support+eu@acme-corp.com; PO#478122; discount 5% applied at May 11, 2024 19:50:02."
TXN20240101,21.09.2024,POS DEBIT COMCAST CABLE COMM CHICAGO IL ****6314 SEQ 417064,-$746.29,USD,ACCT NO 4916093659,014-911-8941,atm,Pending,Duplicate charge? see see original INV-2024-32111.
TX 2024/0102,"Jul 17, 2024",REFUND SHELL OIL 57445103 ORIG TXN TXN-2024-0027 CARD ****0428,"-$2,816.92",USD,4993-2312-3426-6980,finance.ops@northwind.co.uk,wire,CLEARED,Late fee of 2% assessed 17.07.2024 11:39:46; ref REF-20U5F9.
txn_2024_0103,2024-07-01,CHECK #2730 PAID MIAMI FL,"-$1,039.10",USD,DE12 WYLN 5617 8170 3211,(613) 638-5277,atm,cleared,Card on file ending 2925; billing email @acme-corp.com.
TXN-2024-0104,02/07/2024,WIRE TRANSFER OUT BENE:GOOGLE *CLOUD PLATFORM IBAN DE29X74Q6383182856 REF DLWDK1U8 FEE $25.00,"3,206.97",USD,ACCT NO 9881145788,billing@mail.smallshop.fr,online,PENDING,Card on file ending 8436; billing email ap.team@globex-industries.net.
TX 2024/0105,2024-03-08,RECURRING PMT AMZN Mktp US*2K48L9XY3 SUB PLAN-ENT INV-69579 DUE 2024-03-10,"-£1,876.51",GBP,****5471,ap.team@northwind.co.uk,online,posted,EIN 86-5507846 on file. W-9 received. Remit to j.okafor@billing.vendorhub.com.
TXN-2024-0106,2024-04-27,POS DEBIT GOOGLE *CLOUD PLATFORM ATLANTA GA ****9819 SEQ 878092,"-4,563.16",USD,ACCT NO 0491060183,j.okafor@mail.smallshop.fr,atm,PENDING,"Approved by invoices2024@initech.io; PO#130557; discount 1.5% applied at Apr 27, 2024 06:40:40."
TXN-2024-0107,2024-09-06,ONLINE TRANSFER TO SAVINGS ****2918 CONF Y65WSZT6,"-3.390,63 EUR",EUR,XXXX-XXXX-XXXX-3619,5171523910,ONLINE,posted,"Approved by finance.ops@mail.smallshop.fr; PO#712053; discount 12.5% applied at Sep 6, 2024 14:48:33."
txn_2024_0108,"Dec 19, 2024",RECURRING PMT SPOTIFY USA SUB PLAN-B2 INV-01907 DUE 2024-12-21,"EUR -447,06",EUR,****5542,+44 20 6797 5649,card_present,Pending,SSN 166-90-6322 was pasted here by mistake - must be redacted.
TXN-2024-0109,11/25/2024,ACH DEBIT CVS/PHARMACY #08921 ID:7L39CA9GZ4 PPD REF GJS53AHC,"-JPY 2,042.83",JPY,0949-7698-7313-7971,+1-984-166-1237,ACH,POSTED,Vendor contact invoices2024@northwind / 8576694703. Invoice INV-2024-18053 due in 14 days.
txn_2024_0110,2024-10-09,  REFUND  TARGET        T-1938 ORIG TXN TXN-2024-0192 CARD ****8782   ,"-$3,659.37",USD,****8516,support+eu@billing.vendorhub.com,ONLINE,posted,"Late fee of 1.5% assessed Oct 9, 2024 11:14:45; ref REF-UC2U00."
TXN-2024-0111,2024-09-18,"RECURRING PMT CON EDISON OF NY SUB PLAN-PRO INV-23045 DUE Sep 20, 2024","-2,756.07",USD,6365-3621-8945-5906,m_ruiz@northwind,atm,cleared,"Late fee of 5% assessed Sep 18, 2024 05:58:25; ref REF-HJMD6Z."
TXN-2024-0112,10.01.2024,  WIRE  TRANSFER OUT BENE:DELTA AIR LINES 0062314455 IBAN DE59YQDA6221224276 REF 372DW3SL FEE $25.00   ,"-£3,276.67",GBP,XXXX-XXXX-XXXX-4547,j.okafor@@acme-corp.com,Card_Not_Present,posted,Approved by ap.team@acme-corp; PO#129957; discount 1.5% applied at 20240110 08:28:08.
TXN-2024-0113,2024-05-25,REVERSAL PENDING SQ *BLUE BOTTLE COFFEE DISPUTE CASE#41PRUL7L,"-$3,509.61",USD,****0186,billing@acme-corp.com,atm,FAILED,Reconciled reconciled against statement STMT-2024-82904.
TXN-24-0114,11/16/2024,WIRE TRANSFER OUT BENE:HOME DEPOT #6612 IBAN DE66TFEA6541134078 REF FUDRUWRF FEE $25.00,"2.630,74 EUR",EUR,FR12 7U0M 1188 2419 9626,finance.ops@initech.io,atm,cleared,Vendor contact j.okafor@globex-industries.net / +1-834-826-8999. Invoice INV-2024-62697 due in 7 days.
TXN-2024-0115,2024-01-26,INTL PURCHASE AMZN Mktp US*2K48L9XY3 FX RATE 1.0119 FEE 3% CARD ****5709,"-4.243,03 €",EUR,****5748,(352) 680-6486 x067,Card_Not_Present,cleared,Vendor contact finance.ops@acme-corp.com / (152) 610-5370 x923. Invoice INV-2024-00716 due in 30 days.
TXN-24-0116,12/09/2024,CHECK #5412 PAID CHICAGO IL,"-£2,417.96",GBP,****5952,billing@acme-corp.com,wire,PENDING,Duplicate charge? see see original INV-2024-94795.
TXN-2024-0117,21/01/2024,CHECK #6053 PAID ATLANTA GA,"-$4,526.14",USD,6385-5881-9597-7216,(053) 789-3186,atm,posted,EIN 02-7558214 on file. W-9 received. Remit to @acme-corp.com.
TXN20240118,2024-08-06,WIRE TRANSFER OUT BENE:LYFT   *RIDE THU 4PM IBAN DE75JGRZ3028165064 REF JL6LADMP FEE $25.00,"-4.615,07 EUR",EUR,DE61 FUKS 3625 8542 1880,ap.team@mail.smallshop.fr,atm,PENDING,Reconciled reconciled against statement STMT-2024-38419.
TX 2024/0119,"Dec 10, 2024",DEPOSIT PAYROLL ACME CORP DIR DEP PPD ID:BZTZ50T7X5,"-£3,159.67",GBP,XXXX-XXXX-XXXX-4701,no-reply@mail.smallshop.fr,ONLINE,CLEARED,VAT DE963731008 charged at 5%. Contact support+eu@northwind.co.uk.
txn_2024_0120,26.07.2024,REVERSAL PENDING STARBUCKS STORE #1147 DISPUTE CASE#31W2NN5A,-$711.41,USD,****8019,support+eu@billing.vendorhub.com,online,FAILED,Reconciled reconciled against statement STMT-2024-04573.
TX 2024/0121,12/27/2024,  ACH  DEBIT SPOTIFY USA ID:VHWKAEQ0M1 PPD REF 0MXPZD0R   ,"(4,129.60)",USD,9523-1202-1915-0576,finance.ops@initech.io,wire,POSTED,No contact info on file.
TX 2024/0122,03/14/2024,CHECK #8989 PAID SEATTLE WA,"-JPY 1,472.05",JPY,2203-0044-9646-1293,(025) 121-3756 x589,wire,posted,Card on file ending 2109; billing email j.okafor@initech.io.
TXN-2024-0123,2024-06-21,REFUND APPLE.COM/BILL ORIG TXN TXN-2024-0250 CARD ****3885,(14.61),USD,****0284,billing@acme-corp.com,wire,CLEARED,Duplicate charge? see see original INV-2024-52332.
TXN-2024-0124,26/11/2024,  REVERSAL  PENDING PAYPAL *STEAMGAMES DISPUTE CASE#5G67WS2G   ,"USD 1,794.03",USD,****2956,finance.ops@globex-industries.net,ACH,FAILED,Approved by m_ruiz@mail.smallshop.fr; PO#220542; discount 2% applied at 2024-11-26 12:11:24.
txn_2024_0125,"Jun 19, 2024",ATM WITHDRAWAL AUSTIN TX FEE $3.50 CARD ****9559,"-$4,252.35",USD,ACCT NO 2831800366,no-reply@mail.smallshop.fr,card_present,POSTED,Vendor contact ap.team@billing / 880.644.2006. Invoice INV-2024-29877 due in 45 days.
TXN-2024-0126,24/04/2024,RECURRING PMT STARBUCKS STORE #1147 SUB PLAN-PRO INV-18626 DUE 26/04/2024,"(2,612.66)",USD,****9669,179.967.0808,ONLINE,cleared,"Refund issued to billing@globex-industries.net on 24.04.2024 03:22:37, expect 5-7 business days."
TXN-2024-0127,2024-11-22,DEPOSIT PAYROLL NORTHWIND TRADING DIR DEP PPD ID:BSUWAL81AW,"(3,291.90)",USD,9672-5622-2190-5334,@initech.io,wire,Pending,"Refund issued to support+eu@globex-industries.net on 2024-11-22 14:34:42, expect 5-7 business days."
TXN-24-0128,2024-11-26,ATM WITHDRAWAL SAN FRANCISCO CA FEE $3.50 CARD ****0362,"-$2,885.15",USD,****5673,finance.ops@acme-corp.com,online,PENDING,Duplicate charge? see see original INV-2024-73449.
TXN-2024-0129,19.03.2024,WIRE TRANSFER OUT BENE:CVS/PHARMACY #08921 IBAN GB857XY92819022179 REF JS03SXDB FEE $25.00,"EUR -316,73",EUR,3910-3829-7425-5136,support+eu@@billing.vendorhub.com,ONLINE,cleared,Late fee of 5% assessed 20240319 13:54:34; ref REF-3PQZFW.
TXN-2024-0130,11/05/2024,REVERSAL PENDING UBER   *TRIP HELP.UBER.COM DISPUTE CASE#X97P01J4,"$1,021.21",USD,****6881,(640) 343-9881 x873,atm,PENDING,SSN 551-35-8727 was pasted here by mistake - must be redacted.
TXN-2024-0131,08.09.2024,REVERSAL PENDING CVS/PHARMACY #08921 DISPUTE CASE#GQAAHYN8,"-1.365,54 €",EUR,****1386,+44 20 5461 7192,atm,FAILED,"Late fee of 2% assessed Sep 8, 2024 12:28:44; ref REF-DG7RJX."
TXN-2024-0132,2024-01-15,ACH DEBIT AMZN Mktp US*2K48L9XY3 ID:BPM2YWGQJ6 PPD REF JMZKF1AK,-$261.52,,****0886,invoices2024@globex-industries.net,Card_Not_Present,cleared,SSN 212-37-2055 was pasted here by mistake - must be redacted.
TXN-2024-0133,01/01/2024,POS DEBIT UBER   *TRIP HELP.UBER.COM ATLANTA GA ****6085 SEQ 481867,"-3,735.87",USD,****4660,j.okafor at billing dot vendorhub dot com,wire,POSTED,Reconciled reconciled against statement STMT-2024-40281.
TXN-24-0134,20241224,DEPOSIT PAYROLL ACME CORP DIR DEP PPD ID:BGFXRAZ7PV,"-£4,339.92",GBP,****8849,0664051102,card_present,posted,Late fee of 2% assessed 12/24/2024 01:19:46; ref REF-NF9K5R.
TX 2024/0135,20240422,RECURRING PMT GOOGLE *CLOUD PLATFORM SUB PLAN-B2 INV-17197 DUE 20240424,"3.486,75 €",EUR,ACCT NO 7067516913,215.016.4261,card_present,PENDING,Vendor contact no-reply@billing.vendorhub.com / 7807279037. Invoice INV-2024-16160 due in 7 days.
TXN-24-0136,12/04/2024,  CHECK  #1281 PAID CHICAGO IL   ,"-$3,904.83",USD,****8840,no-reply@acme-corp.com,wire,CLEARED,Reconciled reconciled against statement STMT-2024-60244.
txn_2024_0137,2024-03-16,ATM WITHDRAWAL CHICAGO IL FEE $3.50 CARD ****4886,"-£3,391.78",GBP,DE44 0QH4 2947 6380 8390,(540) 259-9851 x939,Card_Not_Present,posted,Card on file ending 6801; billing email no-reply@globex-industries.net.
TXN-2024-0138,06/08/2024,POS DEBIT CVS/PHARMACY #08921 AUSTIN TX ****8453 SEQ 974995,"$4,295.45",USD,XXXX-XXXX-XXXX-1937,ap.team@billing.vendorhub.com,Card_Not_Present,posted,EIN 05-9831244 on file. W-9 received. Remit to billing@northwind.co.uk.
TXN-2024-0139,20240223,REFUND COMCAST CABLE COMM ORIG TXN TXN-2024-0079 CARD ****3009,"(1,116.86)",USD,6394-2012-2341-4992,(096) 627-0266 x045,ONLINE,FAILED,"Refund issued to billing@initech.io on 02/23/2024 13:17:03, expect 5-7 business days."
TX 2024/0140,20240614,ONLINE TRANSFER TO SAVINGS ****1936 CONF EDFQRZNM,"$4,013.15",USD,XXXX-XXXX-XXXX-3626,(472) 386-4100,atm,Pending,EIN 87-0179993 on file. W-9 received. Remit to invoices2024@initech.io.
TXN-2024-0141,21/06/2024,ACH DEBIT SHELL OIL 57445103 ID:D10F4Y2S25 PPD REF RWBCQ6ES,"-£4,529.51",GBP,****0162,+44 20 8271 8265,ONLINE,posted,Card on file ending 7605; billing email billing at northwind dot co dot uk.
txn_2024_0142,02/15/2024,WIRE TRANSFER OUT BENE:SHELL OIL 57445103 IBAN GB678A004315890164 REF 1ULBPRFR FEE $25.00,"-2.564,32 EUR",EUR,6245-8701-2042-4253,ap.team at northwind dot co dot uk,wire,Pending,Reconciled reconciled against statement STMT-2024-72628.
txn_2024_0143,18.03.2024,INTL PURCHASE SHELL OIL 57445103 FX RATE 1.0226 FEE 3% CARD ****3648,"-£1,946.41",GBP,****3410,finance.ops@initech.io,Card_Not_Present,CLEARED,Call +1-996-235-6999 ext 256 to dispute. Case opened 18.03.2024 15:28:39.
TXN-24-0144,20240302,ONLINE TRANSFER TO SAVINGS ****6691 CONF JUAXKD9M,"(3,094.50)",USD,XXXX-XXXX-XXXX-5811,m_ruiz@initech.io,online,FAILED,Approved by support+eu@acme-corp.com; PO#370342; discount 5% applied at 20240302 09:17:54.
TX 2024/0145,2024-11-12,  POS  PURCHASE HOME DEPOT #6612 DENVER CO CARD 4770 REF#DUARAVWV TERM:HTBRK   ,"-$4,425.04",USD,GB84 BJZ7 8703 6860 5063,invoices2024@acme-corp.com,ACH,POSTED,No contact info on file.
txn_2024_0146,03.11.2024,  DEPOSIT  PAYROLL INITECH LLC DIR DEP PPD ID:HM1CD3CJ5Y   ,"-$4,020.18",USD,****5790,ap.team@mail.smallshop.fr,atm,CLEARED,Call (797) 056-6036 ext 515 to dispute. Case opened 03/11/2024 00:08:12.
txn_2024_0147,14.07.2024,  REFUND  SPOTIFY USA ORIG TXN TXN-2024-0225 CARD ****0237   ,"-JPY 4,069.07",JPY,GB38 ZDR0 0595 2984 2410,(402) 740-6758 x267,wire,posted,EIN 52-6075699 on file. W-9 received. Remit to billing@billing.vendorhub.com.
TXN-2024-0148,2024-01-27,POS PURCHASE GOOGLE *CLOUD PLATFORM ATLANTA GA CARD 4363 REF#8Y1S2EU4 TERM:TW7PG,-£69.66,GBP,XXXX-XXXX-XXXX-5578,finance.ops@mail.smallshop.fr,atm,PENDING,Call +1-422-567-8718 ext 613 to dispute. Case opened 2024-01-27 12:33:03.
TXN20240149,16.06.2024,REVERSAL PENDING APPLE.COM/BILL DISPUTE CASE#AD094X92,USD -829.21,USD,6759-5141-8648-2308,support+eu@mail.smallshop.fr,atm,FAILED,EIN 09-5739405 on file. W-9 received. Remit to billing@billing.vendorhub.com.
TXN-2024-0150,2024-05-04,RECURRING PMT COMCAST CABLE COMM SUB PLAN-ENT INV-98906 DUE 2024-05-06,"USD -3,105.41",USD,****7298,j.okafor@northwind.co.uk,ACH,CLEARED,Late fee of 12.5% assessed 04.05.2024 12:10:25; ref REF-FGK90G.
TX 2024/0151,20241110,INTL PURCHASE LYFT   *RIDE THU 4PM FX RATE 1.0097 FEE 3% CARD ****7312,USD -225.20,,DE44 06S0 2159 5841 7491,support+eu@acme-corp.com,Card_Not_Present,posted,Late fee of 5% assessed 10/11/2024 06:48:31; ref REF-LQQMVF.
TXN-2024-0152,11/04/2024,WIRE TRANSFER OUT BENE:AMZN Mktp US*2K48L9XY3 IBAN DE34MCJJ2349980137 REF T60DSP74 FEE $25.00,"(3,099.79)",USD,ACCT NO 1574932511,finance.ops@billing.vendorhub.com,atm,PENDING,"Late fee of 10% assessed Nov 4, 2024 11:47:57; ref REF-US16KM."
TX 2024/0153,03.04.2024,DEPOSIT PAYROLL ACME CORP DIR DEP PPD ID:FESQ362LGA,"(1,392.15)",USD,****4286,finance.ops@globex-industries.net,ONLINE,POSTED,Vendor contact invoices2024@initech.io / +44 20 0667 0151. Invoice INV-2024-45992 due in 7 days.
TXN-2024-0154,2024-10-17,POS PURCHASE PAYPAL *STEAMGAMES SAN FRANCISCO CA CARD 4953 REF#356RTZM6 TERM:QY1FX,(837.46),USD,****9476,no-reply@mail.smallshop.fr,atm,FAILED,Duplicate charge? see see original INV-2024-58639.
TXN-2024-0155,2024-12-10,  RECURRING  PMT PAYPAL *STEAMGAMES SUB PLAN-A1 INV-16399 DUE 12/12/2024   ,"-4,402.66",USD,ACCT NO 1411287452,+44 20 6391 3810,online,PENDING,VAT GB607917913 charged at 1.5%. Contact ap.team@acme-corp.com.
TXN-2024-0156,02/22/2024,  WIRE  TRANSFER OUT BENE:TST* THE FRENCH LAUNDRY IBAN DE66U8QD0519567563 REF HYUDERFX FEE $25.00   ,"JPY 2,773.94",JPY,ACCT NO 8479135113,support+eu@northwind,ONLINE,PENDING,Card on file ending 2228; billing email support+eu@globex-industries.
txn_2024_0157,"Nov 17, 2024",REFUND SQ *BLUE BOTTLE COFFEE ORIG TXN TXN-2024-0166 CARD ****5341,-$40.22,USD,XXXX-XXXX-XXXX-1724,j.okafor@globex-industries.net,atm,POSTED,"Refund issued to @billing.vendorhub.com on 2024-11-17 12:20:09, expect 5-7 business days."
txn_2024_0158,11/06/2024,  POS  PURCHASE APPLE.COM/BILL PORTLAND OR CARD 4627 REF#0ALTLZ4D TERM:RPQKX   ,"-$2,809.26",USD,****9453,+44 20 2761 2092,atm,POSTED,EIN 16-2256471 on file. W-9 received. Remit to billing@initech.io.
TXN20240159,02/09/2024,POS PURCHASE APPLE.COM/BILL MIAMI FL CARD 4223 REF#EH164B06 TERM:3PXRJ,"$3,463.51",USD,3509-7934-4212-9146,+44 20 4579 7251,ONLINE,cleared,Late fee of 5% assessed 09/02/2024 11:14:51; ref REF-JWA2J2.
TXN-2024-0160,01/08/2024,POS DEBIT TST* THE FRENCH LAUNDRY SEATTLE WA ****0636 SEQ 328630,"USD -2,544.20",USD,****1902,(169) 883-7161 x158,wire,PENDING,Vendor contact j.okafor@northwind / 5193500115. Invoice INV-2024-46175 due in 7 days.
TX 2024/0161,03.02.2024,REVERSAL PENDING LYFT   *RIDE THU 4PM DISPUTE CASE#NNL2E6CW,"-3,992.29",USD,NL76 UC09 3344 0095 2242,+1-537-932-2191,ONLINE,Pending,"Refund issued to no-reply@initech.io on 03/02/2024 23:48:07, expect 5-7 business days."
txn_2024_0162,2024-12-01,ONLINE TRANSFER TO SAVINGS ****0080 CONF HX7HFXCG,"(1,368.17)",USD,ACCT NO 7661366280,no-reply@northwind.co.uk,online,CLEARED,Duplicate charge? see see original INV-2024-14605.
TXN-2024-0163,02/12/2024,REVERSAL PENDING CON EDISON OF NY DISPUTE CASE#YQEFCYPR,"-£2,747.47",GBP,ACCT NO 2878757030,3011250186,ONLINE,CLEARED,"Refund issued to invoices2024@acme-corp.com on 2024-02-12 13:20:38, expect 5-7 business days."
TXN-24-0164,2024-05-06,ONLINE TRANSFER TO SAVINGS ****3024 CONF MLQN2PHB,"-$1,929.30",USD,XXXX-XXXX-XXXX-8515,billing@initech,card_present,CLEARED,Duplicate charge? see see original INV-2024-07758.
TX 2024/0165,02/10/2024,REVERSAL PENDING PAYPAL *STEAMGAMES DISPUTE CASE#Q7XNFGHK,(313.98),,ACCT NO 2823134275,+1-672-991-1549,card_present,CLEARED,Call 626.412.6084 ext 303 to dispute. Case opened 2024-02-10 19:53:27.
TXN-2024-0166,2024-04-03,RECURRING PMT TST* THE FRENCH LAUNDRY SUB PLAN-A1 INV-98369 DUE 2024-04-05,"-3,106.34",USD,ACCT NO 1681636038,+44 20 7672 0005,Card_Not_Present,POSTED,Vendor contact no-reply@acme-corp.com / 683-878-9034. Invoice INV-2024-50295 due in 45 days.
TXN-2024-0167,16/01/2024,WIRE TRANSFER OUT BENE:DELTA AIR LINES 0062314455 IBAN DE39Y1GJ6678305573 REF WGMP5A9Z FEE $25.00,"-£2,083.75",GBP,****4104,no-reply@billing.vendorhub.com,card_present,POSTED,EIN 36-4704656 on file. W-9 received. Remit to m_ruiz@mail.smallshop.fr.
TX 2024/0168,2024-03-05,RECURRING PMT ADOBE  *CREATIVE CLD SUB PLAN-A1 INV-73563 DUE 2024-03-07,-$598.64,USD,****3601,+1-399-454-1384,ACH,posted,Vendor contact no-reply@mail.smallshop.fr / (130) 716-7532. Invoice INV-2024-16336 due in 7 days.
TXN-2024-0169,20240707,REVERSAL PENDING UBER   *TRIP HELP.UBER.COM DISPUTE CASE#XC3VZ5JT,"EUR -45,12",EUR,XXXX-XXXX-XXXX-2424,no-reply@billing.vendorhub.com,online,posted,EIN 26-1103565 on file. W-9 received. Remit to support+eu@acme-corp.com.
txn_2024_0170,07/04/2024,RECURRING PMT DELTA AIR LINES 0062314455 SUB PLAN-PRO INV-70396 DUE 20240409,"-2.587,84 €",EUR,****4286,no-reply@initech.io,ONLINE,PENDING,VAT FR518860167 charged at 1.5%. Contact invoices2024@mail.smallshop.fr.
TX 2024/0171,20240128,RECURRING PMT UBER   *TRIP HELP.UBER.COM SUB PLAN-B2 INV-77586 DUE 20240128,"USD 4,139.06",USD,ACCT NO 3099000940,658.234.4538,ONLINE,Pending,Call +44 20 5776 2626 ext 594 to dispute. Case opened 20240128 15:49:54.
TXN-2024-0172,"Apr 11, 2024",ACH DEBIT CON EDISON OF NY ID:GW8P4T13EV PPD REF ACS5BFED,"-JPY 4,152.08",JPY,****2585,invoices2024@initech.io,atm,FAILED,Vendor contact no-reply@globex-industries.net / +1-405-473-9862. Invoice INV-2024-21405 due in 7 days.
TX 2024/0173,20.04.2024,ACH DEBIT AMZN Mktp US*2K48L9XY3 ID:VFCDNES0NS PPD REF WXD9VEL0,"-£1,752.69",GBP,ACCT NO 6996208347,+44 20 2870 3220,card_present,CLEARED,Approved by billing@northwind.co.uk; PO#576634; discount 5% applied at 04/20/2024 03:50:35.
TXN-2024-0174,09/11/2024,RECURRING PMT CVS/PHARMACY #08921 SUB PLAN-PRO INV-18985 DUE 13/09/2024,"-$1,222.24",USD,2282-8018-3235-3068,m_ruiz@mail.smallshop.fr,ONLINE,PENDING,Vendor contact no-reply@northwind.co.uk / (901) 138-6047 x947. Invoice INV-2024-19903 due in 7 days.
TXN-2024-0175,2024-11-16,ATM WITHDRAWAL DENVER CO FEE $3.50 CARD ****5592,"-1,918.38",USD,ACCT NO 8567285021,538.307.7558,Card_Not_Present,POSTED,Card on file ending 0539; billing email billing@acme-corp.com.
txn_2024_0176,14/03/2024,REVERSAL PENDING PAYPAL *STEAMGAMES DISPUTE CASE#1A4B6XFG,"-$1,781.95",USD,ACCT NO 4704071469,+1-147-973-4185,online,Pending,Vendor contact j.okafor@initech.io / (153) 597-7100 x115. Invoice INV-2024-47734 due in 30 days.
txn_2024_0177,17.01.2024,INTL PURCHASE SPOTIFY USA FX RATE 1.0901 FEE 3% CARD ****0679,"EUR -1.362,83",EUR,XXXX-XXXX-XXXX-3255,ap.team@billing.vendorhub.com,card_present,FAILED,Vendor contact m_ruiz@northwind.co.uk / +1-493-663-5796. Invoice INV-2024-71480 due in 14 days.
TXN-2024-0178,20240207,POS PURCHASE ADOBE  *CREATIVE CLD BOSTON MA CARD 4520 REF#PGP438VG TERM:T7FS0,"(2,455.52)",USD,GB22 H3B8 7548 0293 3583,(439) 106-5735 x174,ACH,Pending,SSN 421-53-1936 was pasted here by mistake - must be redacted.
TX 2024/0179,"Apr 25, 2024",  ACH  DEBIT COMCAST CABLE COMM ID:84DVEJS0AX PPD REF FKRNFXZ8   ,(128.20),USD,****6699,invoices2024@acme-corp.com,Card_Not_Present,cleared,EIN 47-6111079 on file. W-9 received. Remit to @mail.smallshop.fr.
TXN-2024-0180,20240916,REVERSAL PENDING SQ *BLUE BOTTLE COFFEE DISPUTE CASE#Z5CP2K0Q,"(2,127.67)",USD,DE91 61VV 1603 3288 8070,@northwind.co.uk,ACH,Pending,Late fee of 2% assessed 16/09/2024 13:48:19; ref REF-W12PJ6.
TXN-24-0181,2024-01-05,  POS  PURCHASE AMZN Mktp US*2K48L9XY3 AUSTIN TX CARD 4175 REF#VZTE1T97 TERM:JEDT1   ,"-$3,150.40",,XXXX-XXXX-XXXX-9773,+44 20 4978 7296,ACH,PENDING,Vendor contact invoices2024@globex-industries.net / 7209251920. Invoice INV-2024-18285 due in 14 days.
TXN20240182,07/25/2024,  ONLINE  TRANSFER TO SAVINGS ****0916 CONF DQTBUJU6   ,"-4.293,14 €",EUR,****9343,+1-904-539-2528,wire,cleared,Reconciled reconciled against statement STMT-2024-96677.
TXN-2024-0183,2024-08-07,RECURRING PMT SHELL OIL 57445103 SUB PLAN-B2 INV-25107 DUE 09.08.2024,"(2,454.23)",USD,GB03 K789 8818 9304 6163,(687) 851-8569,card_present,Pending,SSN 336-08-0901 was pasted here by mistake - must be redacted.
txn_2024_0184,20240711,ACH DEBIT WHOLEFDS MKT #10245 ID:QD149ZGSYU PPD REF 9CA6K7LA,"-JPY 2,575.88",JPY,XXXX-XXXX-XXXX-3830,m_ruiz@northwind.co.uk,ACH,posted,"Approved by finance.ops@northwind.co.uk; PO#316787; discount 1.5% applied at Jul 11, 2024 05:53:26."
txn_2024_0185,10/08/2024,WIRE TRANSFER OUT BENE:HOME DEPOT #6612 IBAN GB419L8A5166608123 REF 2WT20K87 FEE $25.00,"-JPY 4,673.65",,****3414,ap.team@acme-corp.com,ONLINE,FAILED,Card on file ending 6104; billing email invoices2024@acme-corp.com.
txn_2024_0186,20240501,  INTL  PURCHASE ADOBE  *CREATIVE CLD FX RATE 1.0264 FEE 3% CARD ****6714   ,-£415.63,GBP,****7811,(719) 600-4902,card_present,Pending,Card on file ending 0361; billing email @globex-industries.net.
TXN20240187,2024-02-26,WIRE TRANSFER OUT BENE:TST* THE FRENCH LAUNDRY IBAN GB38Y90X3927687141 REF 9V2XZLQG FEE $25.00,"-2,031.82",USD,XXXX-XXXX-XXXX-9812,(300) 882-3846 x990,ONLINE,CLEARED,Card on file ending 9050; billing email support+eu@@billing.vendorhub.com.
txn_2024_0188,2024-08-05,WIRE TRANSFER OUT BENE:ADOBE  *CREATIVE CLD IBAN GB673TAR2391932528 REF 75R2ZW2E FEE $25.00,-356.41,USD,****9559,+1-737-939-5795,ONLINE,Pending,Reconciled reconciled against statement STMT-2024-68681.
TX 2024/0189,2024-11-27,POS DEBIT AMZN Mktp US*2K48L9XY3 ATLANTA GA ****1258 SEQ 423300,"USD -1,295.83",USD,7008-4458-0151-7642,+1-280-924-1150,ACH,FAILED,Call +44 20 0510 8194 ext 028 to dispute. Case opened 2024-11-27 04:15:20.
txn_2024_0190,20/07/2024,INTL PURCHASE STARBUCKS STORE #1147 FX RATE 1.0229 FEE 3% CARD ****4354,-$476.99,USD,ACCT NO 3997992715,(338) 788-5285,online,CLEARED,EIN 16-0895897 on file. W-9 received. Remit to support+eu@mail.smallshop.fr.
TXN20240191,2024-09-13,WIRE TRANSFER OUT BENE:ADOBE  *CREATIVE CLD IBAN DE9053Z85783756816 REF 1RDAA6R7 FEE $25.00,"$3,711.04",,GB74 EN2V 4594 7612 1893,1270650761,Card_Not_Present,posted,No contact info on file.
TX 2024/0192,11/08/2024,WIRE TRANSFER OUT BENE:SQ *BLUE BOTTLE COFFEE IBAN GB22KD4Z5061790670 REF YRASZZWX FEE $25.00,"-1,752.68",USD,****4760,+1-064-724-5257,Card_Not_Present,PENDING,Reconciled reconciled against statement STMT-2024-92969.
txn_2024_0193,09.12.2024,  POS  PURCHASE ADOBE  *CREATIVE CLD MIAMI FL CARD 4709 REF#T2W655D3 TERM:FK885   ,"-$2,576.07",USD,****1029,+1-599-747-5396,ACH,cleared,Card on file ending 9007; billing email ap.team@billing.vendorhub.com.
txn_2024_0194,27/05/2024,ONLINE TRANSFER TO SAVINGS ****3379 CONF DUF1UHYP,"-1.843,33 EUR",EUR,4721-4617-2758-0452,676-988-9798,atm,PENDING,EIN 34-8002264 on file. W-9 received. Remit to finance.ops@mail.smallshop.fr.
TXN-24-0195,"May 9, 2024",WIRE TRANSFER OUT BENE:TARGET        T-1938 IBAN GB702XS90531602274 REF AHJP2AX3 FEE $25.00,"USD -2,171.13",USD,ACCT NO 2320366864,finance.ops@billing.vendorhub.com,wire,posted,No contact info on file.
txn_2024_0196,2024-12-22,REVERSAL PENDING CON EDISON OF NY DISPUTE CASE#KA864QT4,"-694,32 €",EUR,0581-0801-5337-4356,finance.ops at globex-industries dot net,atm,FAILED,SSN 013-87-1628 was pasted here by mistake - must be redacted.
txn_2024_0197,"Jun 13, 2024",REVERSAL PENDING CVS/PHARMACY #08921 DISPUTE CASE#7XXZZBXW,"-$2,982.10",USD,****1494,989-088-8196,online,PENDING,Duplicate charge? see see original INV-2024-05257.
TXN-24-0198,20240307,DEPOSIT PAYROLL GLOBEX INDUSTRIES DIR DEP PPD ID:H86UCWBHRP,"(3,246.42)",USD,ACCT NO 2585455139,6034823678,atm,posted,SSN 375-90-9722 was pasted here by mistake - must be redacted.
TXN-2024-0199,"Apr 13, 2024","  RECURRING  PMT ADOBE  *CREATIVE CLD SUB PLAN-A1 INV-45840 DUE Apr 15, 2024   ",-£926.87,GBP,****6403,m_ruiz@billing.vendorhub.com,ACH,posted,Reconciled reconciled against statement STMT-2024-43771.
TXN-24-0200,01.01.2024,DEPOSIT PAYROLL ACME CORP DIR DEP PPD ID:2E4PTV5UWM,"-$2,339.46",USD,****0788,+44 20 8226 7990,atm,PENDING,Approved by m_ruiz@northwind.co.uk; PO#771158; discount 10% applied at 2024-01-01 23:46:04.
TX 2024/0201,01.12.2024,RECURRING PMT COMCAST CABLE COMM SUB PLAN-PRO INV-84926 DUE 03/12/2024,"USD -4,371.02",USD,3723-7225-9310-3370,m_ruiz@northwind.co.uk,online,posted,VAT DE675125837 charged at 10%. Contact support+eu@acme-corp.com.
TX 2024/0202,2024-04-24,RECURRING PMT DELTA AIR LINES 0062314455 SUB PLAN-ENT INV-83792 DUE 26/04/2024,-920.05,USD,5940-3895-5465-6531,j.okafor@acme-corp.com,card_present,posted,No contact info on file.
TX 2024/0203,2024-11-05,REFUND AMZN Mktp US*2K48L9XY3 ORIG TXN TXN-2024-0147 CARD ****6601,"-4.512,28 EUR",EUR,****0880,invoices2024@billing.vendorhub.com,ACH,PENDING,Late fee of 10% assessed 2024-11-05 14:17:15; ref REF-SQVQYS.
TX 2024/0204,2024-05-19,  REVERSAL  PENDING CON EDISON OF NY DISPUTE CASE#HF3FMMHX   ,"-1.933,43 €",EUR,ACCT NO 1211860181,+44 20 9879 2062,Card_Not_Present,POSTED,Duplicate charge? see see original INV-2024-80492.
TXN-2024-0205,2024-10-14,POS DEBIT TST* THE FRENCH LAUNDRY BOSTON MA ****6081 SEQ 641804,"(3,366.39)",USD,DE31 KWKT 2352 5600 8589,ap.team@globex-industries.net,Card_Not_Present,POSTED,No contact info on file.
TX 2024/0206,"Jun 25, 2024",RECURRING PMT GOOGLE *CLOUD PLATFORM SUB PLAN-ENT INV-79824 DUE 2024-06-27,"-$4,359.65",USD,ACCT NO 2621074144,ap.team@acme-corp.com,ONLINE,PENDING,Reconciled reconciled against statement STMT-2024-54422.
txn_2024_0207,12.05.2024,WIRE TRANSFER OUT BENE:AMZN Mktp US*2K48L9XY3 IBAN DE99K7SP7638274903 REF TPPE6GHZ FEE $25.00,"(2,869.42)",USD,XXXX-XXXX-XXXX-8498,m_ruiz@globex-industries.net,ACH,POSTED,Late fee of 7.25% assessed 12.05.2024 04:10:54; ref REF-Z3LC11.
TXN-24-0208,20240304,CHECK #6723 PAID SAN FRANCISCO CA,"USD -1,130.86",USD,DE45 6GZZ 7932 7701 1549,finance.ops@northwind.co.uk,online,FAILED,Late fee of 1.5% assessed 2024-03-04 00:55:46; ref REF-MC1HCM.
TXN20240209,2024-01-27,CHECK #8489 PAID DENVER CO,"-JPY 1,635.90",JPY,9741-5920-9410-1027,ap.team@mail.smallshop.fr,ONLINE,cleared,Vendor contact support+eu@initech.io / 0780538338. Invoice INV-2024-56932 due in 7 days.
TXN-2024-0210,20240710,REVERSAL PENDING APPLE.COM/BILL DISPUTE CASE#9NRB3FSS,"-JPY 4,229.95",JPY,XXXX-XXXX-XXXX-2699,(523) 029-9966,Card_Not_Present,posted,Approved by invoices2024@mail.smallshop.fr; PO#034857; discount 2% applied at 10/07/2024 10:42:18.
TXN20240211,20240308,POS PURCHASE STARBUCKS STORE #1147 ATLANTA GA CARD 4307 REF#HYTDM5PL TERM:BHKYP,"USD -1,694.86",USD,FR59 MZUH 2387 2493 7979,m_ruiz@initech.io,ACH,cleared,VAT GB446403507 charged at 12.5%. Contact support+eu@acme-corp.com.
TXN-24-0212,"May 19, 2024",INTL PURCHASE TST* THE FRENCH LAUNDRY FX RATE 1.0895 FEE 3% CARD ****7674,"-$4,303.03",USD,****1889,finance.ops@billing.vendorhub.com,card_present,FAILED,VAT DE583911153 charged at 1.5%. Contact ap.team@acme-corp.com.
TXN-2024-0213,07/13/2024,ACH DEBIT CON EDISON OF NY ID:32R4W9F64V PPD REF V8FMUM13,"USD -4,227.67",USD,FR34 SMCD 4218 6747 1520,ap.team@billing,online,CLEARED,Reconciled reconciled against statement STMT-2024-72203.
TXN-2024-0214,07/12/2024,CHECK #4077 PAID BOSTON MA,"USD -1,522.07",USD,****2181,+1-932-353-9330,online,FAILED,Vendor contact no-reply@northwind.co.uk / (689) 745-3714. Invoice INV-2024-73204 due in 14 days.
TX 2024/0215,10/09/2024,REFUND GOOGLE *CLOUD PLATFORM ORIG TXN TXN-2024-0120 CARD ****6855,"-4.648,04 EUR",EUR,ACCT NO 2719260261,billing@mail.smallshop.fr,card_present,POSTED,Approved by support+eu@mail.smallshop.fr; PO#393010; discount 12.5% applied at 09/10/2024 23:23:57.
TXN-24-0216,2024-07-27,DEPOSIT PAYROLL ACME CORP DIR DEP PPD ID:8JGGX31V3B,"-2,831.36",USD,ACCT NO 7533552620,finance.ops@initech.io,wire,cleared,"Refund issued to finance.ops@northwind.co.uk on 2024-07-27 11:24:38, expect 5-7 business days."
TX 2024/0217,03/18/2024,RECURRING PMT UBER   *TRIP HELP.UBER.COM SUB PLAN-PRO INV-35381 DUE 2024-03-20,"(3,190.55)",USD,****0213,invoices2024@billing.vendorhub.com,online,CLEARED,Card on file ending 1115; billing email finance.ops@acme-corp.com.
TXN-2024-0218,08/11/2024,  POS  DEBIT PAYPAL *STEAMGAMES AUSTIN TX ****9810 SEQ 795163   ,"$4,015.93",USD,1367-5916-4491-5321,(113) 085-2315,wire,FAILED,No contact info on file.
TX 2024/0219,"Apr 10, 2024",POS PURCHASE ADOBE  *CREATIVE CLD AUSTIN TX CARD 4224 REF#1M16FRLA TERM:JWRSL,"USD -3,434.27",USD,DE13 AWYE 9484 5422 5955,j.okafor@mail.smallshop.fr,card_present,CLEARED,Late fee of 12.5% assessed 2024-04-10 11:57:58; ref REF-A76ZAV.
TXN-2024-0220,2024-02-12,INTL PURCHASE APPLE.COM/BILL FX RATE 1.0088 FEE 3% CARD ****0417,"-$1,001.98",USD,****1355,m_ruiz@northwind.co.uk,card_present,CLEARED,EIN 16-8787321 on file. W-9 received. Remit to invoices2024@mail.
TXN-2024-0221,22.11.2024,REFUND TARGET        T-1938 ORIG TXN TXN-2024-0179 CARD ****8771,"USD -4,608.60",USD,GB41 BV32 7186 4426 2447,invoices2024@globex-industries.net,card_present,POSTED,EIN 05-5553544 on file. W-9 received. Remit to no-reply@acme-corp.com.
TXN-2024-0222,15/09/2024,ATM WITHDRAWAL NEW YORK NY FEE $3.50 CARD ****3043,"1,165.15",USD,ACCT NO 9508149940,j.okafor@initech.io,atm,Pending,Call +1-405-362-5123 ext 693 to dispute. Case opened 15/09/2024 03:15:47.
TXN-2024-0223,17/06/2024,  ONLINE  TRANSFER TO SAVINGS ****4425 CONF 9BXB7WC7   ,"-$3,215.54",USD,****2240,j.okafor@globex-industries.net,ONLINE,CLEARED,Duplicate charge? see see original INV-2024-47079.
TX 2024/0224,"Jul 4, 2024",POS PURCHASE SQ *BLUE BOTTLE COFFEE MIAMI FL CARD 4404 REF#0XZGFL0Q TERM:8FHBY,"USD -1,301.55",USD,****3315,(987) 517-5790 x323,card_present,FAILED,"Refund issued to invoices2024@initech.io on 04/07/2024 19:13:53, expect 5-7 business days."
TXN-2024-0225,02/09/2024,WIRE TRANSFER OUT BENE:ADOBE  *CREATIVE CLD IBAN GB81UJCV3845046217 REF ALTHQBD4 FEE $25.00,"EUR -4.253,15",EUR,****0327,712.567.2123,card_present,POSTED,"Refund issued to invoices2024@globex-industries.net on Sep 2, 2024 14:39:15, expect 5-7 business days."
TXN-24-0226,"Aug 22, 2024",POS DEBIT ADOBE  *CREATIVE CLD BOSTON MA ****3034 SEQ 136532,"-$3,781.57",USD,****6457,+1-765-766-6476,card_present,cleared,VAT GB590071320 charged at 10%. Contact support+eu@initech.io.
TX 2024/0227,"Jan 17, 2024",ACH DEBIT GOOGLE *CLOUD PLATFORM ID:EZC2L5Q93T PPD REF XWME7ZDU,"(4,079.89)",USD,NL36 6DFA 2719 0952 0387,ap.team@initech.io,online,POSTED,SSN 762-93-6842 was pasted here by mistake - must be redacted.
TXN20240228,2024-11-09,WIRE TRANSFER OUT BENE:SPOTIFY USA IBAN GB507TZA9332809997 REF KCG1X32P FEE $25.00,"-£1,839.08",GBP,1299-0371-9127-5939,571.421.1622,card_present,FAILED,Vendor contact ap.team@mail.smallshop.fr / 2353277376. Invoice INV-2024-55476 due in 7 days.
TXN-2024-0229,10/03/2024,RECURRING PMT COMCAST CABLE COMM SUB PLAN-PRO INV-30009 DUE 2024-10-05,"-$4,004.55",USD,FR30 M6CE 3722 9821 0935,439-229-5014,atm,PENDING,EIN 65-6003375 on file. W-9 received. Remit to m_ruiz@globex-industries.net.
TXN-2024-0230,20240501,DEPOSIT PAYROLL NORTHWIND TRADING DIR DEP PPD ID:AVP928LYB9,"-$3,104.01",,****1852,j.okafor@billing.vendorhub.com,card_present,Pending,Card on file ending 1693; billing email ap.team@acme-corp.com.
txn_2024_0231,2024-02-07,  ONLINE  TRANSFER TO SAVINGS ****1295 CONF AMFL7CMR   ,"USD -3,059.64",USD,XXXX-XXXX-XXXX-3040,m_ruiz@acme-corp.com,card_present,CLEARED,EIN 28-3267011 on file. W-9 received. Remit to billing@billing.vendorhub.com.
txn_2024_0232,11.08.2024,  ATM  WITHDRAWAL SEATTLE WA FEE $3.50 CARD ****8307   ,"1.247,99 €",EUR,XXXX-XXXX-XXXX-7827,j.okafor at mail dot smallshop dot fr,card_present,cleared,Duplicate charge? see see original INV-2024-86312.
txn_2024_0233,23.11.2024,REVERSAL PENDING GOOGLE *CLOUD PLATFORM DISPUTE CASE#7M5LNPX6,"-2,708.86",USD,FR91 ZRAD 7514 5183 4792,057-824-5310,online,cleared,EIN 95-7421884 on file. W-9 received. Remit to support+eu@northwind.co.uk.
txn_2024_0234,13.05.2024,REVERSAL PENDING AMZN Mktp US*2K48L9XY3 DISPUTE CASE#VPDET2A3,"-JPY 1,148.00",JPY,****5043,560-285-8696,wire,CLEARED,Call +1-699-784-2001 ext 159 to dispute. Case opened 13.05.2024 17:58:27.
txn_2024_0235,07/07/2024,REFUND STARBUCKS STORE #1147 ORIG TXN TXN-2024-0149 CARD ****4180,"-$4,354.89",,7873-7282-6593-3804,ap.team@globex-industries.net,card_present,FAILED,"Late fee of 1.5% assessed Jul 7, 2024 08:48:05; ref REF-EVJ3LB."
TXN-2024-0236,07.04.2024,POS PURCHASE COMCAST CABLE COMM SEATTLE WA CARD 4854 REF#UF9VR23D TERM:MBNFQ,"-JPY 3,252.53",JPY,4564-4645-2390-0415,invoices2024@globex-industries.net,atm,Pending,Approved by ap.team@initech.io; PO#621648; discount 2% applied at 07.04.2024 08:42:08.
TXN-2024-0237,2024-08-01,REVERSAL PENDING APPLE.COM/BILL DISPUTE CASE#HV04CQ37,"-2.257,50 €",EUR,ACCT NO 1642301274,billing@acme-corp.com,wire,PENDING,Card on file ending 7848; billing email ap.team@globex-industries.net.
TXN-2024-0238,03.10.2024,REVERSAL PENDING NETFLIX.COM DISPUTE CASE#YQ0A2KMN,"USD -2,043.20",USD,XXXX-XXXX-XXXX-9489,j.okafor@billing.vendorhub.com,atm,posted,No contact info on file.
txn_2024_0239,04/06/2024,WIRE TRANSFER OUT BENE:STARBUCKS STORE #1147 IBAN GB59Y1483239593601 REF 1F2Y42YJ FEE $25.00,"-2,385.69",USD,DE05 983H 0253 1292 6625,billing@mail.smallshop.fr,card_present,cleared,No contact info on file.
TXN20240240,10/01/2024,POS DEBIT APPLE.COM/BILL PORTLAND OR ****7347 SEQ 436939,"$1,413.10",USD,ACCT NO 8892030287,billing@initech.io,atm,cleared,Reconciled reconciled against statement STMT-2024-95134.
TXN-2024-0241,20241127,REVERSAL PENDING PAYPAL *STEAMGAMES DISPUTE CASE#LT6M0WX5,"-1,816.92",USD,ACCT NO 9412328062,m_ruiz@mail.smallshop.fr,card_present,cleared,Duplicate charge? see see original INV-2024-89234.
TXN-2024-0242,20240612,ATM WITHDRAWAL SAN FRANCISCO CA FEE $3.50 CARD ****6735,"USD -2,943.35",USD,XXXX-XXXX-XXXX-6901,support+eu@northwind.co.uk,atm,FAILED,Approved by j.okafor@acme-corp.com; PO#749116; discount 2% applied at 06/12/2024 20:45:14.
TXN-2024-0243,"Dec 13, 2024",  POS  DEBIT HOME DEPOT #6612 NEW YORK NY ****3893 SEQ 544071   ,"£1,501.27",GBP,5050-4871-5905-1823,billing@billing.vendorhub.com,card_present,PENDING,No contact info on file.
TXN20240244,"May 16, 2024",  POS  DEBIT DELTA AIR LINES 0062314455 SAN FRANCISCO CA ****7374 SEQ 496660   ,-$517.79,USD,XXXX-XXXX-XXXX-6597,961-034-0573,wire,cleared,Card on file ending 4997; billing email m_ruiz@billing.vendorhub.com.
TXN-2024-0245,20240117,INTL PURCHASE SPOTIFY USA FX RATE 1.0437 FEE 3% CARD ****6587,"£3,890.38",GBP,****9259,finance.ops@globex-industries.net,card_present,cleared,EIN 72-9682288 on file. W-9 received. Remit to @initech.io.
TX 2024/0246,12/13/2024,"RECURRING PMT APPLE.COM/BILL SUB PLAN-B2 INV-99043 DUE Dec 15, 2024","(2,284.06)",USD,XXXX-XXXX-XXXX-2615,support+eu@mail.smallshop.fr,ACH,PENDING,VAT FR694353286 charged at 12.5%. Contact finance.ops@billing.vendorhub.com.
TX 2024/0247,2024-03-20,REVERSAL PENDING STARBUCKS STORE #1147 DISPUTE CASE#JNX3MW1K,"£1,914.80",GBP,ACCT NO 1246764281,support+eu@billing.vendorhub.com,atm,FAILED,SSN 213-11-6694 was pasted here by mistake - must be redacted.
TXN-2024-0248,2024-03-02,  CHECK  #9557 PAID DENVER CO   ,"-$2,986.41",USD,4473-5341-4391-0323,(866) 790-6674,wire,PENDING,"Refund issued to support+eu at billing dot vendorhub dot com on 02/03/2024 19:12:11, expect 5-7 business days."
TXN-2024-0249,04.12.2024,CHECK #8842 PAID SEATTLE WA,"USD -1,419.79",USD,ACCT NO 2200810014,invoices2024@billing.vendorhub.com,card_present,PENDING,No contact info on file.
TXN-2024-0250,20240211,  DEPOSIT  PAYROLL GLOBEX INDUSTRIES DIR DEP PPD ID:9NCYH5H5KX   ,-519.99,USD,FR64 SQCW 1956 6300 6362,(051) 640-7870,ONLINE,Pending,Late fee of 12.5% assessed 20240211 07:50:47; ref REF-V50T2E.
TXN-2024-0251,2024-02-07,"RECURRING PMT LYFT   *RIDE THU 4PM SUB PLAN-B2 INV-13268 DUE Feb 9, 2024","-4.145,53 EUR",EUR,ACCT NO 8679744761,+1-886-636-4653,Card_Not_Present,posted,Card on file ending 0185; billing email finance.ops@globex-industries.net.
txn_2024_0252,08/09/2024,REVERSAL PENDING TST* THE FRENCH LAUNDRY DISPUTE CASE#3L8HEYAM,"-1.101,28 EUR",EUR,****7123,065-335-3597,ACH,FAILED,No contact info on file.
TXN-2024-0253,01/19/2024,INTL PURCHASE SPOTIFY USA FX RATE 1.0156 FEE 3% CARD ****0977,"-$2,419.83",USD,****7306,0858306848,Card_Not_Present,FAILED,Approved by support+eu@northwind.co.uk; PO#553805; discount 2% applied at 19.01.2024 12:21:39.
TXN-24-0254,20240214,ATM WITHDRAWAL PORTLAND OR FEE $3.50 CARD ****7250,"-1,896.51",USD,NL25 GVA0 1709 9873 1709,invoices2024@@globex-industries.net,Card_Not_Present,POSTED,VAT DE558170833 charged at 5%. Contact m_ruiz@globex-industries.
TX 2024/0255,05/13/2024,ATM WITHDRAWAL PORTLAND OR FEE $3.50 CARD ****6127,"-$2,639.25",USD,ACCT NO 5275056880,no-reply@mail.smallshop.fr,card_present,PENDING,"Call 4541913780 ext 242 to dispute. Case opened May 13, 2024 12:59:20."
TXN-2024-0256,2024-02-05,ONLINE TRANSFER TO SAVINGS ****2776 CONF 79GRK26L,(159.96),USD,2613-5062-1084-0157,7062981099,wire,CLEARED,VAT DE734159106 charged at 10%. Contact j.okafor at billing dot vendorhub dot com.
txn_2024_0257,17/07/2024,CHECK #4014 PAID AUSTIN TX,-$241.49,USD,3352-0622-6093-1642,+1-331-614-0823,card_present,POSTED,Duplicate charge? see see original INV-2024-92463.
TXN-2024-0258,23.02.2024,ATM WITHDRAWAL MIAMI FL FEE $3.50 CARD ****6359,"-$2,795.46",USD,3181-7203-5796-5640,support+eu@initech.io,ONLINE,posted,No contact info on file.
TX 2024/0259,28/12/2024,WIRE TRANSFER OUT BENE:COMCAST CABLE COMM IBAN DE65KE7U6453316495 REF TPTMVEHS FEE $25.00,-716.03,USD,****8472,invoices2024@northwind.co.uk,online,cleared,No contact info on file.
TXN-2024-0260,2024-05-03,ATM WITHDRAWAL AUSTIN TX FEE $3.50 CARD ****7959,-$437.03,USD,****2320,(385) 709-4391 x370,atm,Pending,Late fee of 2% assessed 03/05/2024 09:42:50; ref REF-GB6XNZ.
