customer_id,name,signup_date,last_active_date,base_salary,overtime_pay,bonus,investment_income,total_annual_income,monthly_spend,support_tickets,referrals,balance_adjustment,city,plan
1001,Amara Khan,2022-01-02,2022-03-08,73300.0,0.0,0.0,0.0,73300.0,13.45,1,0,-512.54,Lagos,basic
1002,Dev Haddad,2023-13-45,,101500.0,0.0,0.0,3022.45,104522.45,15.28,4,0,-53.49,Berlin,basic
1003,,n/a,2022-01-11,88800.0,0.0,1649.74,0.0,90449.74,16.09,0,0,-2781.59,Berlin,basic
1004,Lena Costa,2022-01-03,2024-10-01,10100.0,0.0,10734.62,0.0,20834.62,11.22,2,0,1823.98,Berlin,premium
1005,Kwame Haddad,2022-01-03,2022-02-04,93800.0,5138.04,6202.98,7876.21,,15.31,0,0,5504.51,Lima,basic
1006,Hugo Kim,2022-01-03,2022-06-29,321400.0,1647.45,4177.48,0.0,,17.63,0,0,-498.36,Toronto,plus
1007,Sana Dubois,2022-01-03,2022-02-06,33500.0,0.0,0.0,0.0,33500.0,13.38,0,0,613.98,Osaka,premium
1008,Freya Silva,2022-01-04,2022-05-28,208900.0,0.0,0.0,0.0,208900.0,15.72,2,0,1536.43,Toronto,plus
1009,Ines Lindgren,2022-01-04,2021-10-28,11500.0,4607.91,6816.19,0.0,22924.1,12.59,0,0,-23.05,Osaka,Plus
1010,Kwame Farah,2022-01-04,2022-05-15,33300.0,4207.37,6104.76,0.0,43612.13,13.0,10,1,45.87,Osaka,basic
1011,Omar Kim,2022-01-05,2023-04-15,16000.0,0.0,64708.85,0.0,80708.85,14.85,8,0,747.61,Osaka,plus
1012,Ana Ivanov,2022-01-05,2022-01-17,180800.0,7517.1,12975.55,0.0,201292.65,16.69,0,0,4051.58,Berlin,basic
1013,Yuki Nakamura,2022-01-08,2022-01-10,247400.0,0.0,7449.36,0.0,,17.87,0,0,3637.59,Toronto,basic
1014,Kwame Novak,2022-01-10,2022-07-26,30700.0,6497.1,7907.44,0.0,45104.54,13.56,1,0,77.37,Berlin,plus
1015,Rafael Marek,2022-01-11,2022-03-06,140800.0,0.0,0.0,0.0,140800.0,17.23,2,0,859.67,Lagos,basic
1016,Sana Marek,2022-01-12,2022-12-25,250400.0,1329.12,1685.09,0.0,,18.17,2,0,1684.32,Berlin,basic
1017,Ines Nakamura,2022-01-12,,33200.0,0.0,0.0,,33200.0,12.27,5,0,3.5,Lagos,plus
1018,Jonas Santos,2022-01-13,2022-02-10,40400.0,0.0,0.0,83.67,40483.67,14.43,0,0,-787.59,,basic
1019,Kwame Haddad,2022-01-14,2022-02-08,83300.0,3765.8,7775.82,4083.31,98924.93,15.56,1,0,419.47,Berlin,basic
1020,Ines Haddad,2022-01-15,2022-09-23,12600.0,1938.34,0.0,0.0,14538.34,11.22,0,0,-2979.12,berlin,basic
1021,Noor Costa,--,2022-01-25,39400.0,2185.2,0.0,1933.65,43518.85,14.18,0,0,-313.16,Lagos,basic
1022,Ines Weber,2022-01-18,,452000.0,0.0,18677.6,0.0,470677.6,17.9,4,2,183.99,Berlin,plus
1023,Noor Nakamura,2022-01-18,2024-01-21,19000.0,965.67,2167.05,0.0,22132.72,10.91,0,0,-517.83,Lima,plus
1024,Yuki Haddad,2022-01-19,2022-03-11,96200.0,0.0,0.0,0.0,96200.0,15.26,2,0,161.96,Berlin,basic
1025,Tomas Bauer,2022-01-19,2023-02-10,64800.0,3511.45,5011.88,0.0,73323.33,14.16,1,0,98.81,Berlin,plus
1026,Tomas Dubois,2022-01-19,2024-10-01,28400.0,0.0,21899.0,0.0,50299.0,15.48,9,1,834.47,Berlin,premium
1027,Elias Haddad,2022-01-20,2023-02-19,45100.0,0.0,0.0,0.0,45100.0,12.97,4,0,53.22,Lima,plus
1028,Amara Dubois,2022-01-20,2022-07-28,283000.0,0.0,5950.6,0.0,,17.7,0,1,1665.72,Berlin,plus
1029,Freya Farah,2022-01-20,2022-09-16,67100.0,2106.58,9651.2,0.0,,14.96,0,0,577.74,Lima,plus
1030,Omar Novak,2022-01-21,2023-12-25,81000.0,14990.65,7851.58,0.0,103842.23,16.4,0,1,-513.73,Osaka,premium
1031,Rafael Costa,2022-01-21,2024-02-08,235900.0,0.0,8146.97,0.0,244046.97,16.5,0,0,-1281.14,Toronto,premium
1032,Kwame Santos,2022-01-22,2022-04-30,24400.0,11583.92,9523.33,0.0,45507.25,12.31,0,0,-97.3,Osaka,basic
1033,Ines Mensah,2022-01-22,2022-02-09,9800.0,0.0,2553.65,429.67,12783.32,11.92,0,1,-1301.76,Lima,basic
1034,Mei Marek,2022-01-23,2023-05-21,288400.0,0.0,0.0,,,17.72,4,0,-1539.56,Lagos,basic
1035,Noor Haddad,2022-01-24,2022-04-03,40700.0,0.0,3979.26,0.0,44679.26,14.2,0,0,-512.35,Toronto,plus
1036,Jonas Khan,2022-01-25,2022-02-13,100900.0,5481.41,3484.75,0.0,109866.16,16.22,1,0,-415.48,TORONTO,basic
1037,,2022-01-26,2023-01-25,13800.0,2658.37,0.0,1518.77,17977.14,12.38,0,0,-760.15,Lagos,premium
1038,Mei Silva,,2022-02-04,55100.0,1950.1,2367.13,0.0,59417.23,13.88,0,0,-365.41,Berlin,basic
1039,Elias Weber,2022-01-30,2022-07-22,9300.0,0.0,6125.88,0.0,15425.88,10.7,0,0,-56.74,Lima,plus
1040,Amara Kim,2022-02-01,2022-07-14,37300.0,0.0,0.0,2643.99,39943.99,11.71,0,3,379.23,Lagos,basic
1041,Omar Nakamura,2022-02-03,2022-05-28,15900.0,2346.39,0.0,0.0,18246.39,10.79,0,0,-4174.28,Toronto,BASIC
1042,Liam Novak,2022-02-04,2023-03-14,12000.0,0.0,44741.4,6674.81,,14.38,0,0,-2497.18,Toronto,basic
1043,Jonas Bauer,2022-02-07,2023-08-21,24000.0,5383.24,0.0,0.0,29383.24,12.07,2,0,918.68,Toronto,plus
1044,Hugo Lindgren,2022-02-09,2022-09-15,2500.0,777.87,7479.02,20321.86,31078.75,11.84,2,0,1074.64,lagos,basic
1045,Jonas Okafor,2022-02-10,,8600.0,0.0,0.0,0.0,8600.0,9.97,0,0,545.62,Berlin,basic
1046,Omar Kim,2022-02-16,2022-11-22,88300.0,0.0,3138.19,0.0,91438.19,16.21,3,0,-16.81,Toronto,plus
1047,Sana Reyes,2023-13-45,2022-06-26,52400.0,10332.26,5012.21,0.0,67744.47,14.43,5,0,1034.86,Berlin,premium
1048,Priya Reyes,2022-02-22,2022-03-04,9500.0,40.14,0.0,0.0,9540.14,9.25,0,0,1210.94,Lima,plus
1049,Priya Santos,2022-02-22,2024-10-01,66700.0,7431.14,971.98,,75103.12,15.72,3,1,2172.17,Berlin,plus
1050,Amara Reyes,,2022-06-11,12000.0,1599.49,0.0,3540.93,17140.42,10.83,1,0,1275.6,lagos,basic
1051,Omar Bauer,2022-02-24,2023-08-04,82200.0,0.0,0.0,26104.35,108304.35,16.69,0,0,294.71,Berlin,premium
1052,Omar Santos,2022-03-07,2022-11-20,30100.0,1281.13,6076.6,20758.03,58215.76,13.93,1,0,1203.38,Osaka,basic
1053,Sana Khan,2022-03-10,2023-12-12,23400.0,5715.22,0.0,0.0,29115.22,12.7,0,0,-1054.02,Lagos,premium
1054,Tomas Marek,2022-03-14,2023-02-02,31000.0,6091.36,3101.56,762.79,40955.71,14.61,1,2,-134.74,Lagos,plus
1055,Dev Kim,,2022-03-22,745200.0,0.0,10667.0,304.36,756171.36,18.7,1,0,-825.72,Berlin,basic
1056,Dev Ivanov,2022-03-15,2022-05-21,13900.0,0.0,0.0,0.0,13900.0,10.15,2,0,33.17,Berlin,basic
1057,Noor Weber,2022-03-15,2022-08-28,45300.0,0.0,0.0,0.0,45300.0,13.33,0,0,1775.3,Lima,plus
1058,Ana Haddad,2022-03-16,2023-06-23,88200.0,0.0,7293.43,0.0,,15.12,1,0,-874.78,Lagos,plus
1059,Liam Novak,2022-03-22,2022-03-22,10900.0,6144.19,0.0,0.0,17044.19,13.55,3,0,412.97,Osaka,plus
1060,Omar Mensah,2022-03-25,2022-09-09,5100.0,4121.01,8240.11,0.0,17461.12,10.78,0,0,-596.85,Lima,premium
1061,Kwame Oyelaran,2022-03-25,2022-12-06,16800.0,0.0,0.0,0.0,16800.0,10.36,1,0,-719.83,Berlin,
1062,Amara Haddad,2022-03-28,2022-07-20,85900.0,2936.65,36449.39,0.0,,15.08,3,0,-616.16,Berlin,basic
1063,Jonas Nakamura,2022-03-29,2022-05-04,22900.0,0.0,0.0,0.0,22900.0,12.27,5,0,992.47,Lima,plus
1064,Rafael Oyelaran,2022-03-31,2022-04-18,26200.0,2019.11,39515.8,1914.74,69649.65,14.93,1,0,-801.79,Berlin,basic
1065,Liam Bauer,2022-04-02,2022-08-20,103000.0,4592.82,1864.33,0.0,109457.15,14.96,0,3,191.44,Osaka,plus
1066,Tomas Silva,2022-04-04,2023-08-27,13100.0,5376.93,0.0,341.53,18818.46,11.67,0,0,-911.17,Berlin,premium
1067,Ana Farah,2022-04-08,2022-12-14,31100.0,9114.1,6411.4,0.0,46625.5,15.21,0,2,984.59,Berlin,basic
1068,Ana Reyes,2022-04-13,2022-06-14,5600.0,611.58,0.0,5955.45,12167.03,10.72,0,0,3938.13,Lima,premium
1069,Amara Nakamura,2022-04-14,,50800.0,10830.64,0.0,4053.61,65684.25,14.66,0,0,1418.31,Unknown,plus
1070,Kwame Bauer,2022-04-19,2022-12-27,45500.0,0.0,0.0,1022.79,46522.79,15.16,4,0,89.69,Berlin,basic
1071,Amara Khan,2022-04-19,2022-11-21,89700.0,2002.48,2372.93,0.0,,14.64,0,0,-7039.2,Lima,premium
1072,Ines Bauer,2022-04-20,2024-10-01,8700.0,0.0,1006.91,0.0,9706.91,,0,0,720.72,Lima,plus
1073,Ana Haddad,2022-04-20,2022-10-14,27400.0,0.0,0.0,0.0,27400.0,12.1,4,0,-4116.79,Lagos,basic
1074,Lena Bauer,2022-04-20,2022-11-30,7400.0,2459.75,1233.25,0.0,11093.0,10.07,0,0,-5504.67,Osaka,basic
1075,Sana Silva,2022-04-21,2022-07-20,25700.0,5264.95,1122.14,821.39,32908.48,11.43,6,0,51.52,Lagos,basic
1076,Ana Lindgren,2022-04-22,2022-05-04,204500.0,12534.93,0.0,0.0,,17.14,0,0,1570.6,Toronto,plus
1077,Diego Weber,2022-04-29,2022-05-14,23500.0,0.0,0.0,0.0,,12.32,0,3,7736.48,Berlin,basic
1078,Rafael Ivanov,2022-05-02,2022-08-25,6700.0,0.0,0.0,2314.25,9014.25,9.89,0,0,-638.14,Lagos,basic
1079,Lena Silva,2022-05-02,2023-08-10,15300.0,0.0,0.0,0.0,15300.0,11.4,0,0,-1977.8,Berlin,premium
1080,Mei Mensah,2022-05-04,2022-06-15,5000.0,6362.1,18642.84,634.88,30639.82,12.93,4,1,-667.26,Lima,plus
1081,Dev Silva,2022-02-30,2022-05-26,7300.0,10349.06,8549.79,0.0,26198.85,11.33,3,0,3548.37,Toronto,plus
1082,Sana Kim,2022-05-13,2022-07-16,77300.0,4757.48,0.0,0.0,82057.48,15.12,0,0,158.73,Toronto,premium
1083,Diego Weber,2022-05-17,2022-06-14,6100.0,0.0,54490.97,0.0,60590.97,14.67,0,1,796.9,Osaka,basic
1084,Ines Khan,2022-05-19,,50300.0,14032.09,0.0,0.0,64332.09,13.08,6,0,838.79,Berlin,basic
1085,Dev Weber,2022-05-26,2023-02-12,35600.0,0.0,2941.78,1770.64,40312.42,14.5,0,0,476.52,Toronto,plus
1086,Sana Novak,2022-05-27,2022-11-19,18300.0,3425.5,3180.58,97.41,25003.49,11.29,12,2,-436.97,Berlin,basic
1087,Priya Rossi,2022-06-03,2022-12-05,45400.0,0.0,0.0,0.0,45400.0,12.68,0,0,-322.26,Osaka,basic
1088,Priya Novak,2022-06-09,2023-12-15,11200.0,0.0,1671.08,0.0,12871.08,10.98,1,0,-258.11,Lagos,plus
1089,Hugo Haddad,2022-06-14,2022-09-07,94800.0,4330.96,0.0,302.45,99433.41,15.74,2,0,-1114.83,Toronto,basic
1090,Mei Bauer,2022-06-14,2022-09-25,14900.0,9769.51,7939.85,0.0,32609.36,13.49,0,0,-593.44,Berlin,plus
1091,Ana Novak,2022-06-23,2023-07-14,21700.0,0.0,0.0,0.0,21700.0,12.42,0,0,1140.76,LIMA,plus
1092,Ines Farah,2022-07-01,2024-08-09,18800.0,0.0,9849.96,0.0,28649.96,12.16,0,0,97.98,Toronto,Plus
1093,Diego Haddad,2022-07-06,2023-01-11,79000.0,363.02,20708.92,2115.36,,15.46,0,0,-601.15,Berlin,Basic
1094,Diego Oyelaran,2022-07-06,,66400.0,9507.44,4233.53,0.0,80140.97,14.59,1,0,-262.51,Toronto,basic
1095,Elias Weber,2022-07-07,2022-11-26,2500.0,7168.71,7556.46,0.0,17225.17,11.6,0,0,-529.83,Lagos,premium
1096,Hugo Marek,--,2022-11-22,46900.0,0.0,2129.09,835.56,49864.65,13.85,0,1,1018.18,Berlin,premium
1097,Hugo Oyelaran,2022-07-19,2022-12-20,4300.0,22.43,0.0,474.67,4797.1,8.24,1,0,-189.15,Osaka,basic
1098,Rafael Ivanov,2022-07-25,2022-10-29,22900.0,0.0,25973.41,,48873.41,13.48,0,0,7.54,Lagos,Basic
1099,Freya Weber,2022-07-25,2024-08-21,30300.0,0.0,1974.13,0.0,32274.13,11.36,0,0,-1501.29,Osaka,plus
1100,Ines Ivanov,2022-07-27,2022-08-31,22600.0,0.0,8444.85,1113.03,32157.88,13.5,0,3,1004.5,Berlin,basic
1101,Omar Kim,2022-07-27,,63000.0,0.0,7563.15,0.0,70563.15,14.8,1,0,-654.54,Unknown,basic
1102,Noor Nakamura,2022-07-29,2022-08-23,82000.0,0.0,0.0,1381.56,,13.08,7,0,-199.72,Berlin,basic
1103,Freya Haddad,2022-08-01,2022-08-01,13700.0,0.0,0.0,0.0,13700.0,11.59,1,0,-1071.45,Lagos,basic
1104,Kwame Bauer,2022-08-02,2023-02-15,13100.0,0.0,0.0,0.0,13100.0,10.81,1,0,1072.08,Osaka,basic
1105,Hugo Reyes,2022-08-08,2023-03-30,33100.0,1677.73,0.0,595.29,35373.02,-1.0,21,0,-148.5,Osaka,basic
1106,Rafael Haddad,2022-08-12,2023-07-09,5400.0,0.0,2440.82,0.0,7840.82,8.91,2,0,589.31,Berlin,Premium
1107,Jonas Farah,2022-08-15,2022-09-23,19500.0,0.0,0.0,0.0,19500.0,11.18,0,0,-5.2,Berlin,basic
1108,Elias Mensah,,2022-08-19,174200.0,0.0,12541.15,0.0,186741.15,15.96,2,0,-303.76,Lima,basic
1109,Tomas Reyes,2022-08-17,2023-02-04,5700.0,847.01,0.0,3048.92,9595.93,9.53,2,0,2330.46,Lima,basic
1110,Noor Nakamura,2022-08-18,2022-12-04,23000.0,11143.7,3913.07,0.0,38056.77,14.56,2,0,-1179.72,Osaka,premium
1111,Rafael Dubois,2022-08-18,2022-10-14,17000.0,0.0,0.0,3623.06,20623.06,12.15,2,0,700.26,Lima,basic
1112,Diego Costa,2022-08-26,2023-01-20,383200.0,143.22,0.0,0.0,,19.91,0,0,534.53,Lima,basic
1113,Freya Bauer,2022-08-29,2022-10-23,18100.0,636.41,9443.01,0.0,28179.42,12.72,2,0,1912.46,Lima,plus
1114,Freya Reyes,2022-08-30,2022-09-03,19400.0,7765.88,0.0,2535.56,29701.44,13.12,9,0,-2330.75,Berlin,plus
1115,Dev Khan,2022-08-31,2022-10-22,10000.0,0.0,3951.48,3990.91,17942.39,10.84,0,0,-1014.28,Osaka,plus
1116,Amara Novak,2022-09-01,2023-03-08,34900.0,0.0,64930.46,7622.03,107452.49,15.35,0,0,-348.79,Lagos,basic
1117,Lena Mensah,2022-09-05,2022-11-02,47800.0,0.0,0.0,0.0,47800.0,13.64,0,0,-3210.06,Lima,basic
1118,Diego Nakamura,2022-09-07,2023-04-22,11900.0,0.0,9341.75,0.0,21241.75,12.42,0,0,-59.26,Lagos,basic
1119,,2022-09-07,2022-10-10,113100.0,0.0,0.0,0.0,,15.56,0,0,1084.71,Lagos,
1120,Yuki Santos,2022-09-09,2022-12-16,47800.0,1574.83,0.0,0.0,49374.83,14.06,2,0,1699.66,Lima,basic
1121,Elias Kim,2022-09-09,2022-10-01,96000.0,0.0,9855.87,0.0,105855.87,15.71,0,0,9054.31,Osaka,basic
1122,Kwame Novak,2022-09-09,2022-10-20,23300.0,0.0,0.0,0.0,23300.0,11.88,0,0,-8262.32,Berlin,basic
1123,Sana Silva,2022-09-09,2022-12-21,46300.0,3016.81,0.0,0.0,49316.81,13.45,7,0,509.57,Lagos,premium
1124,Tomas Farah,2022-09-10,2023-02-27,26700.0,11340.73,5131.4,0.0,43172.13,12.95,1,0,808.04,Berlin,basic
1125,Jonas Santos,2022-09-12,2023-06-20,198600.0,0.0,155805.36,0.0,354405.36,18.98,0,0,1396.57,Osaka,basic
1126,,2022-09-13,,39700.0,5741.21,2772.99,0.0,48214.2,13.48,4,0,-935.79,LIMA,premium
1127,Noor Costa,--,2024-10-01,34900.0,0.0,6562.53,0.0,41462.53,13.65,4,0,2466.11,Lima,plus
1128,Mei Farah,2022-09-14,2022-09-23,19900.0,0.0,2009.93,0.0,21909.93,11.86,0,0,257.84,Osaka,plus
1129,Jonas Weber,--,2024-10-01,18600.0,0.0,13795.26,0.0,32395.26,13.7,0,0,4270.97,Lagos,plus
1130,Elias Ivanov,2022-09-14,2023-05-25,45900.0,0.0,0.0,3972.16,49872.16,12.21,1,0,-1323.29,Osaka,basic
1131,Elias Lindgren,2022-09-15,2023-04-29,92400.0,274.59,0.0,0.0,92674.59,15.4,0,0,2201.08,Osaka,plus
1132,Jonas Haddad,2022-09-20,,15200.0,0.0,3578.56,16675.88,35454.44,12.04,11,0,333.17,,basic
1133,,2022-09-20,2023-05-13,40200.0,5644.24,0.0,0.0,45844.24,13.93,0,2,2353.75,Lagos,premium
1134,Rafael Reyes,2022-09-20,2022-12-19,43100.0,0.0,0.0,101.58,43201.58,13.36,0,0,50.56,Lagos,basic
1135,Dev Bauer,2022-09-21,,53100.0,645.98,1194.65,420.03,55360.66,12.84,0,4,-713.18,Osaka,Plus
1136,Rafael Nakamura,2022-09-21,2022-10-21,4500.0,0.0,3084.15,79.93,7664.08,9.95,2,0,-383.07,Lima,plus
1137,Amara Ivanov,2022-09-23,2023-06-14,11400.0,3184.32,30375.66,1338.09,46298.07,13.81,0,2,-710.37,Lima,basic
1138,Priya Kim,2022-09-23,2022-11-10,6700.0,0.0,0.0,0.0,6700.0,9.2,2,0,-829.74,Berlin,basic
1139,Kwame Nakamura,2022-09-23,2023-04-06,35900.0,3757.86,5904.22,0.0,45562.08,13.52,2,0,-103.2,Lagos,plus
1140,Elias Dubois,2022-09-23,2022-11-04,11700.0,394.56,0.0,0.0,12094.56,10.81,0,0,-2385.04,Berlin,basic
1141,Elias Haddad,2022-09-25,2024-10-01,19000.0,16553.76,1297.04,0.0,36850.8,14.07,0,1,-672.87,Toronto,premium
1142,Rafael Okafor,2022-09-27,2023-02-10,8200.0,0.0,0.0,3279.41,11479.41,10.31,0,0,-207.7,Berlin,basic
1143,Rafael Santos,2022-09-29,2023-03-13,21300.0,5106.01,3555.68,3839.93,33801.62,13.75,2,0,3361.08,Lima,plus
1144,Jonas Mensah,2022-09-29,2024-08-26,9000.0,7664.08,16393.23,0.0,33057.31,12.86,2,0,-812.16,Toronto,plus
1145,Priya Oyelaran,2022-09-29,2023-01-29,85800.0,0.0,0.0,0.0,,16.03,0,0,9681.24,Berlin,basic
1146,Amara Ivanov,2022-09-30,2023-08-21,61400.0,2659.56,10094.71,0.0,74154.27,14.48,0,0,800.99,Lagos,plus
1147,Noor Oyelaran,2022-10-04,2024-09-02,41400.0,316.77,0.0,0.0,41716.77,12.87,0,0,739.67,Berlin,plus
1148,Noor Nakamura,2022-10-05,2023-11-18,24000.0,2999.62,0.0,0.0,26999.62,11.57,1,0,242.36,Lagos,plus
1149,Omar Haddad,2022-10-06,2024-08-23,3000.0,0.0,0.0,0.0,3000.0,7.59,0,0,435.7,Lima,plus
1150,Priya Reyes,,2022-11-03,19900.0,0.0,8760.15,1157.19,29817.34,12.03,0,4,421.62,Berlin,PLUS
1151,Jonas Ivanov,2022-10-11,2023-01-02,13900.0,0.0,0.0,0.0,13900.0,12.11,0,0,-574.14,Lagos,BASIC
1152,Rafael Khan,2022-10-12,2023-02-25,46500.0,12797.54,26817.77,200.96,86316.27,14.31,0,0,290.72,Lagos,basic
1153,Elias Ivanov,2022-10-19,2023-03-11,72700.0,6450.74,4645.6,0.0,83796.34,14.39,1,0,-326.8,Berlin,basic
1154,Lena Rossi,2022-10-20,2023-03-10,51000.0,0.0,3419.98,0.0,54419.98,14.45,0,0,172.54,Lima,plus
1155,Tomas Silva,2022-10-21,2024-10-01,157300.0,0.0,0.0,0.0,157300.0,17.27,1,0,333.23,Berlin,premium
1156,Sana Silva,2022-10-26,2023-02-11,17500.0,0.0,19377.2,0.0,36877.2,13.72,0,0,-1338.48,Lima,basic
1157,Priya Rossi,--,2023-05-24,16600.0,0.0,0.0,0.0,16600.0,12.22,0,0,1364.32,Berlin,plus
1158,Tomas Farah,2022-11-03,2023-05-17,120000.0,715.2,0.0,1052.77,121767.97,15.7,1,0,-623.89,Toronto,basic
1159,Diego Farah,2022-11-04,2022-12-17,42200.0,6177.4,16631.18,0.0,,14.33,1,0,448.89,Lagos,plus
1160,Dev Ivanov,2022-11-09,2023-01-17,25700.0,0.0,951.72,0.0,26651.72,14.03,0,0,529.74,Osaka,plus
1161,Diego Weber,2022-11-10,2023-04-03,316700.0,0.0,0.0,0.0,316700.0,19.22,6,0,-952.45,Lagos,
1162,Lena Silva,2022-11-14,,69100.0,0.0,0.0,0.0,69100.0,15.09,0,0,494.92,Lima,plus
1163,Amara Haddad,2022-11-17,2023-09-25,27500.0,13088.75,0.0,0.0,40588.75,14.23,1,0,-1216.28,Lima,plus
1164,Amara Nakamura,2022-11-17,2023-04-02,15200.0,5677.65,0.0,0.0,20877.65,12.57,0,0,-642.44,Lagos,basic
1165,Mei Bauer,2022-11-17,2023-05-17,169700.0,0.0,0.0,0.0,169700.0,15.53,3,0,-1350.01,Lagos,plus
1166,Hugo Novak,2022-11-18,2023-01-24,44300.0,0.0,0.0,3555.5,,13.68,1,0,-279.04,Osaka,basic
1167,Hugo Rossi,2022-11-25,2023-03-07,35600.0,5372.87,0.0,,40972.87,14.56,0,0,-406.43,Osaka,premium
1168,Kwame Rossi,2022-11-28,,77800.0,3.0,0.0,0.0,77803.0,15.35,0,0,-109.26,Toronto,plus
1169,Rafael Okafor,2022-11-29,2022-09-16,99300.0,0.0,6834.65,0.0,106134.65,15.41,0,0,-2298.67,Toronto,basic
1170,Ines Nakamura,2022-11-30,2022-12-24,66800.0,0.0,13745.81,0.0,80545.81,16.06,1,3,-84.31,Lima,basic
1171,Hugo Costa,2022-12-08,2022-12-13,99800.0,14812.24,1036.69,0.0,115648.93,,0,0,-247.23,Lagos,basic
1172,Kwame Mensah,2022-12-09,2023-12-22,59400.0,8023.92,0.0,6588.97,74012.89,15.27,0,0,-1051.86,Lagos,premium
1173,Sana Marek,2022-12-12,2023-08-02,67200.0,26418.12,7044.92,242.59,100905.63,15.65,3,0,-1729.02,Berlin,basic
1174,Hugo Dubois,2022-12-14,2024-02-19,14400.0,0.0,0.0,0.0,14400.0,11.5,0,0,-65.49,Osaka,plus
1175,Hugo Haddad,2022-12-15,2023-06-05,303300.0,0.0,1619.81,0.0,,18.27,8,0,-1153.66,Lima,basic
1176,Freya Rossi,2022-12-16,2023-07-18,7900.0,0.0,0.0,0.0,7900.0,10.78,0,0,155.46,Lagos,plus
1177,Liam Oyelaran,2022-12-16,2022-11-02,50100.0,20714.3,1293.24,0.0,,15.75,0,0,777.38,Lima,plus
1178,Diego Bauer,unknown,2023-01-01,6900.0,13157.01,0.0,98.51,20155.52,11.44,0,0,-56.13,Toronto,basic
1179,Tomas Kim,2022-12-18,2023-01-11,30700.0,0.0,5394.37,0.0,36094.37,13.37,0,0,1752.33,Lima,plus
1180,Rafael Okafor,2022-12-19,2022-12-29,17400.0,5639.59,0.0,,26246.47,13.4,0,0,1475.99,Osaka,basic
1181,Rafael Rossi,2022-12-20,2023-05-20,40700.0,1886.26,1205.29,0.0,43791.55,13.41,0,2,852.4,Lima,plus
1182,Sana Ivanov,unknown,2023-01-06,52100.0,0.0,1178.6,0.0,53278.6,12.9,0,0,-2488.23,Lima,basic
1183,Liam Bauer,2022-12-23,2023-06-30,11000.0,2004.21,0.0,1676.32,14680.53,10.38,5,0,435.07,Lima,plus
1184,Freya Silva,2022-12-24,2023-03-09,33300.0,1399.71,7162.28,0.0,41861.99,12.74,0,0,-1004.66,Osaka,basic
1185,Rafael Mensah,2022-12-26,2023-09-14,183900.0,0.0,0.0,2590.54,,16.33,9,0,289.04,Osaka,plus
1186,Jonas Khan,2022-12-30,2023-04-11,7200.0,933.78,8042.97,1112.97,17289.72,10.87,3,0,-6782.26,Lima,basic
1187,Rafael Costa,2022-12-30,2023-09-21,12400.0,0.0,0.0,0.0,12400.0,11.56,5,0,-992.31,Lima,plus
1188,Sana Haddad,2023-01-02,2023-02-04,97000.0,8399.28,12160.54,0.0,117559.82,15.46,7,0,2234.21,Lagos,basic
1189,Ana Dubois,2023-01-03,2023-02-22,37900.0,3983.54,9016.2,0.0,50899.74,14.85,2,0,1221.41,Lagos,basic
1190,Hugo Dubois,2023-01-03,2024-01-25,41400.0,354.99,4479.62,0.0,46234.61,12.73,0,0,261.02,Lagos,plus
1191,Lena Silva,2023-01-04,2023-04-21,117800.0,11424.74,3801.58,0.0,133026.32,-1.0,0,0,382.61,Lagos,basic
1192,Elias Okafor,2023-01-04,2023-03-19,13300.0,0.0,2323.63,0.0,15623.63,11.33,0,0,-215.8,Berlin,basic
1193,Priya Okafor,2023-01-05,2024-10-01,18500.0,0.0,5389.25,0.0,23889.25,12.83,0,0,590.18,Osaka,plus
1194,Ines Nakamura,2023-01-06,2023-01-27,16000.0,808.61,0.0,,22206.56,12.93,0,1,-1605.69,Osaka,basic
1195,Mei Oyelaran,2023-01-06,2024-10-01,22700.0,0.0,13875.18,339.01,36914.19,12.71,0,2,-744.01,Osaka,premium
1196,Noor Santos,2023-01-09,2023-01-10,172400.0,3822.46,0.0,0.0,176222.46,17.37,1,1,4.25,Toronto,basic
1197,Tomas Reyes,2023-01-10,2023-06-07,4500.0,0.0,7620.68,0.0,12120.68,,4,0,350.57,Toronto,premium
1198,Ana Mensah,2023-01-11,2023-02-16,8200.0,0.0,0.0,0.0,8200.0,10.52,4,0,958.77,Lima,premium
1199,Mei Okafor,2023-01-11,2023-08-23,6700.0,0.0,9228.64,0.0,15928.64,10.21,0,0,-78.66,Lagos,basic
1200,Noor Reyes,2023-01-13,2023-02-03,185700.0,10228.71,1937.48,3432.13,,17.22,0,0,30.66,Lagos,basic
1201,Jonas Dubois,2023-01-16,2023-01-29,16500.0,0.0,8868.45,5858.87,31227.32,13.67,0,0,-662.01,Toronto,plus
1202,Amara Rossi,2023-01-16,2024-10-01,23300.0,717.35,0.0,228.69,24246.04,12.92,0,3,385.03,Lagos,plus
1203,Mei Lindgren,2023-01-18,2023-08-19,5000.0,0.0,0.0,0.0,5000.0,7.43,0,0,2262.56,Lima,basic
1204,Omar Novak,2023-01-18,2023-06-21,25200.0,1306.06,82685.81,440.74,109632.61,15.17,4,0,-3305.59,Berlin,basic
1205,Liam Marek,2023-01-18,2023-05-12,97700.0,1726.99,7263.63,3273.61,,16.11,0,2,-271.58,Berlin,basic
1206,Sana Nakamura,2023-01-18,2023-11-09,46800.0,0.0,2101.43,0.0,48901.43,14.31,2,1,-158.48,Berlin,plus
1207,Lena Marek,2023-01-19,2023-12-13,30400.0,0.0,2007.3,0.0,32407.3,13.07,2,0,478.57,Osaka,plus
1208,Noor Farah,2023-01-19,2023-03-25,5300.0,0.0,0.0,0.0,5300.0,7.1,1,0,672.54,Berlin,basic
1209,Freya Reyes,2023-01-19,2024-10-01,23300.0,0.0,7280.75,0.0,30580.75,13.68,1,0,855.47,Osaka,plus
1210,Diego Farah,2023-01-19,2023-11-28,41200.0,6323.53,2524.62,0.0,50048.15,14.91,0,0,-552.83,Lagos,plus
1211,Noor Okafor,2023-01-20,2023-08-12,10500.0,0.0,0.0,0.0,10500.0,10.5,0,0,762.37,Osaka,premium
1212,Diego Haddad,,2023-06-15,75800.0,9127.32,6841.59,0.0,,15.32,0,0,3510.65,Berlin,basic
1213,Priya Reyes,2023-01-23,2024-03-06,99900.0,1437.76,0.0,159.52,101497.28,15.76,0,0,-25685.54,Lagos,basic
1214,Lena Reyes,2023-01-26,2023-02-27,18300.0,0.0,0.0,3170.29,21470.29,13.11,2,0,-620.66,Toronto,basic
1215,Dev Ivanov,2023-01-27,2023-02-09,82500.0,8323.56,0.0,2370.32,93193.88,15.37,0,1,-357.58,Toronto,plus
1216,Mei Ivanov,2023-01-27,2023-05-22,30300.0,463.15,1439.47,388266.27,420468.89,18.34,1,1,3568.58,Osaka,basic
1217,Dev Okafor,2023-01-30,2022-12-02,136800.0,0.0,8472.92,0.0,145272.92,16.46,2,0,-258.42,Toronto,basic
1218,Hugo Ivanov,2023-01-30,2024-02-23,396700.0,3935.54,0.0,88.37,,18.37,1,0,211.95,Lima,
1219,Elias Bauer,2023-01-30,2024-03-16,9300.0,5573.61,2699.86,0.0,17573.47,11.5,0,0,-574.34,Lagos,plus
1220,Rafael Oyelaran,2023-02-01,2023-07-24,87000.0,0.0,12993.11,1354.82,101347.93,13.95,0,0,515.49,Lagos,Basic
1221,Yuki Dubois,2023-02-06,2023-03-12,165400.0,0.0,0.0,1304.78,166704.78,16.87,1,0,-375.72,Osaka,basic
1222,Dev Kim,2023-02-08,2023-10-04,10800.0,2163.83,0.0,0.0,12963.83,11.77,8,0,-214.7,Osaka,basic
1223,Tomas Costa,2023-02-11,2023-10-29,17300.0,0.0,0.0,0.0,17300.0,12.28,0,0,566.93,Toronto,
1224,Amara Dubois,2023-02-18,,17100.0,4815.84,0.0,0.0,21915.84,12.75,0,0,-2098.1, Osaka,basic
1225,Freya Costa,2023-02-20,2023-08-01,29500.0,4605.11,1149.58,0.0,35254.69,12.99,5,1,1213.44,Berlin,basic
1226,Sana Weber,2023-02-20,2023-08-26,22500.0,1549.22,803.88,0.0,24853.1,12.38,0,0,1679.1,lagos,basic
1227,Hugo Mensah,2023-02-24,2023-03-14,27200.0,0.0,0.0,0.0,27200.0,13.42,0,2,-4173.13,Lagos,premium
1228,Liam Okafor,2023-02-24,2024-10-01,94400.0,0.0,7065.75,0.0,101465.75,16.05,0,2,1518.95,Lima,premium
1229,Lena Farah,2023-03-01,2023-05-06,3600.0,685.1,0.0,0.0,4285.1,9.59,0,0,914.95,Osaka,basic
1230,Diego Nakamura,2023-03-02,2024-01-11,10700.0,0.0,0.0,12732.15,23432.15,11.6,0,1,-1131.93,Lagos,Plus
1231,Omar Weber,2023-03-02,2023-05-19,77200.0,0.0,0.0,0.0,77200.0,14.22,0,1,-916.31,Toronto,basic
1232,Ines Kim,2023-03-15,2023-07-07,67100.0,0.0,0.0,591.55,67691.55,14.2,0,0,3881.12,Berlin,plus
1233,Lena Ivanov,2023-03-15,2024-10-01,9700.0,0.0,0.0,0.0,9700.0,9.44,2,0,-169.87,Lima,premium
1234,Freya Lindgren,2023-03-16,2023-07-20,67600.0,0.0,0.0,0.0,67600.0,13.41,2,0,441.25,Toronto,plus
1235,Tomas Kim,2023-03-18,2023-06-11,169800.0,0.0,0.0,0.0,169800.0,16.87,1,0,2311.94,Berlin,plus
1236,Lena Haddad,2023-03-20,2023-06-16,32600.0,6220.41,6731.14,5754.4,51305.95,14.18,2,0,2870.39,Osaka,basic
1237,Dev Nakamura,2023-03-22,2023-04-02,10300.0,2462.27,15516.54,0.0,28278.81,12.75,0,0,-163.73,Lima,basic
1238,Hugo Costa,2023-03-23,2023-04-01,98700.0,22612.14,0.0,0.0,,16.04,0,1,-82.22,Lima,basic
1239,Diego Mensah,2023-03-24,2023-06-20,273100.0,5114.64,8987.57,0.0,,16.48,0,4,-414.04,Lagos,Basic
1240,Hugo Santos,2023-03-28,2023-11-26,11900.0,0.0,0.0,0.0,11900.0,10.26,1,0,1189.73,Berlin,plus
1241,Amara Ivanov,2023-03-31,2023-11-12,36200.0,0.0,11340.91,0.0,47540.91,13.46,2,0,19.77,Osaka,basic
1242,Yuki Lindgren,2023-04-04,2023-06-18,127800.0,7047.22,0.0,0.0,134847.22,-1.0,1,0,598.29,Toronto,basic
1243,Mei Rossi,2023-04-07,2023-11-11,39700.0,0.0,7469.74,0.0,47169.74,12.51,0,0,-763.88,Toronto,plus
1244,Freya Nakamura,2023-04-10,2024-10-01,4200.0,0.0,0.0,845.5,5045.5,8.02,1,1,-1689.37,LAGOS,plus
1245,Mei Mensah,2023-04-10,2024-10-01,58800.0,0.0,0.0,0.0,58800.0,13.81,2,1,-2946.84,Toronto,plus
1246,Mei Reyes,2023-04-10,2023-06-13,10700.0,10308.93,1567.23,0.0,22576.16,12.9,3,0,441.71,Lagos,
1247,Elias Weber,2023-04-12,2024-04-15,7500.0,0.0,2082.52,0.0,9582.52,10.38,3,0,142.64,Lagos,premium
1248,Kwame Mensah,2023-04-14,2023-07-07,4300.0,0.0,3494.82,1783.65,9578.47,10.99,0,1,291.07,,basic
1249,Lena Farah,2023-04-14,2023-09-24,144100.0,0.0,2721.84,0.0,146821.84,16.08,0,3,1211.29,Toronto,plus
1250,Jonas Santos,2023-04-17,2023-06-21,12700.0,9977.34,0.0,0.0,22677.34,12.06,4,0,-92.48,Toronto,basic
1251,Lena Farah,2023-04-17,,51500.0,0.0,1212.46,0.0,52712.46,14.32,0,0,-1011.68,Osaka,basic
1252,Rafael Lindgren,2023-04-17,2024-10-01,69200.0,2950.68,0.0,297.62,72448.3,14.48,1,0,-1088.93,Lagos,premium
1253,Lena Kim,2023-04-19,2023-05-14,41900.0,0.0,2695.76,0.0,44595.76,13.05,2,0,1309.96,Lagos,basic
1254,Freya Dubois,2023-04-19,2023-05-28,49300.0,0.0,6185.52,647.98,56133.5,12.87,0,0,-2112.33,Lagos,basic
1255,Jonas Dubois,2023-04-24,2023-05-02,54600.0,0.0,0.0,1311.52,55911.52,13.57,7,3,5584.99,Berlin,basic
1256,Tomas Bauer,2023-04-28,2024-01-28,40800.0,0.0,17285.95,0.0,58085.95,14.8,0,1,1239.3,Berlin,premium
1257,Yuki Santos,2023-05-01,2024-10-01,13900.0,0.0,0.0,0.0,13900.0,12.0,1,0,230.49,Lagos,premium
1258,Ines Haddad,2023-05-09,2023-05-13,12500.0,8458.97,0.0,0.0,20958.97,11.27,0,0,-1150.23,Lima,basic
1259,Yuki Reyes,2023-05-10,2023-05-23,30500.0,0.0,2878.02,0.0,33378.02,11.53,0,0,3325.13,Berlin,plus
1260,Priya Haddad,2023-05-15,2023-09-07,29700.0,651.48,0.0,0.0,30351.48,13.45,0,1,824.73,Osaka,basic
1261,Tomas Kim,2023-05-19,2023-06-27,57800.0,0.0,0.0,0.0,57800.0,14.18,0,0,137.03,Lima,plus
1262,Elias Santos,2023-05-19,2023-06-29,129600.0,0.0,1950.43,0.0,131550.43,14.85,0,0,476.94,Lima,basic
1263,Omar Santos,2023-05-22,2023-07-29,52200.0,10252.55,0.0,0.0,62452.55,11.8,0,2,78.71,Berlin,basic
1264,Tomas Kim,2023-05-24,2023-09-08,13100.0,5741.74,0.0,0.0,18841.74,10.89,2,0,2040.64,Berlin,plus
1265,Rafael Santos,2023-05-26,2023-08-07,2500.0,0.0,0.0,0.0,2500.0,6.84,0,3,3254.17,Lima,premium
1266,Jonas Okafor,2023-05-29,2023-05-31,13700.0,0.0,3172.92,0.0,16872.92,10.49,0,1,1552.66,Lagos,basic
1267,Amara Lindgren,2023-06-01,2023-11-25,6900.0,5462.26,0.0,0.0,12362.26,11.28,1,0,-674.43,Toronto,basic
1268,Hugo Farah,2023-06-07,2024-10-01,14400.0,0.0,27218.64,0.0,41618.64,12.75,3,2,-2348.96,Osaka,premium
1269,Ana Marek,2023-06-07,2023-10-15,46200.0,4249.68,0.0,381.95,50831.63,13.85,0,0,-3433.29,Lagos,basic
1270,,2023-06-13,2023-06-26,38200.0,5003.58,2266.93,0.0,45470.51,15.49,0,2,-109.46,Berlin,basic
1271,Ana Haddad,2023-06-14,2023-07-07,321200.0,0.0,0.0,0.0,,17.99,0,0,923.18,Berlin,plus
1272,Freya Kim,2023-06-20,2023-07-04,61700.0,6749.09,0.0,1830.2,70279.29,14.46,0,4,754.57,Lagos,basic
1273,Amara Kim,2023-06-22,2024-07-25,341500.0,0.0,23040.88,0.0,,18.1,0,0,-511.08,Lagos,basic
1274,Elias Reyes,2023-06-22,2023-07-07,81500.0,2461.05,7676.84,0.0,91637.89,15.67,0,0,911.68,Toronto,basic
1275,Ana Oyelaran,2023-06-23,2023-11-17,127100.0,595.12,0.0,0.0,127695.12,16.3,1,1,-237.05,Berlin,basic
1276,Tomas Santos,2023-06-26,2024-02-03,22500.0,524.03,0.0,,23024.03,11.29,0,0,-1385.23,Lagos,plus
1277,Amara Bauer,2023-06-26,2024-10-01,9500.0,3918.04,10274.03,2042.06,25734.13,12.01,0,0,-83.92,Osaka,
1278,Lena Santos,2023-06-28,2024-04-04,20200.0,2761.06,0.0,355.36,23316.42,11.59,0,0,1604.63,Lima,basic
1279,Yuki Weber,2023-07-05,2023-09-24,34100.0,0.0,0.0,0.0,34100.0,12.74,0,0,-1779.41,Berlin,plus
1280,Liam Reyes,2023-07-05,2023-08-24,16300.0,0.0,17504.53,0.0,33804.53,14.4,0,0,1547.94,Lima,basic
1281,Tomas Oyelaran,2023-07-05,2023-10-06,10400.0,0.0,3467.61,540.2,14407.81,11.56,1,1,-822.77,Lagos,basic
1282,Kwame Reyes,2023-07-10,2024-10-01,57000.0,0.0,20044.41,0.0,77044.41,14.69,0,0,2648.32,Lagos,plus
1283,Liam Kim,2023-07-11,2024-10-01,10300.0,5579.36,4159.14,1145.56,21184.06,12.91,1,0,169.69,Toronto,basic
1284,Priya Ivanov,2023-07-13,2023-09-16,5500.0,0.0,6212.68,2654.47,14367.15,11.21,0,0,-533.06,Berlin,plus
1285,Omar Khan,2023-07-13,2023-08-17,9000.0,19239.72,0.0,0.0,28239.72,11.24,0,0,132.46,Osaka,basic
1286,Diego Haddad,2023-07-13,2024-10-01,26100.0,0.0,5216.26,,31316.26,14.11,0,0,-519.44,Lagos,plus
1287,Priya Khan,2023-07-18,2024-08-12,10500.0,0.0,0.0,0.0,10500.0,10.24,0,0,-173.02,Osaka,premium
1288,Tomas Farah,unknown,2023-08-05,26300.0,0.0,890.21,0.0,27190.21,10.66,0,0,-175.84,Berlin,BASIC
1289,Priya Costa,2023-07-27,2024-04-03,71000.0,11612.07,2859.51,0.0,85471.58,13.7,0,0,1501.54,Berlin,premium
1290,Hugo Silva,2023-07-27,2023-06-21,68800.0,0.0,0.0,0.0,68800.0,15.41,0,0,2465.31,Lima,basic
1291,Noor Mensah,2023-07-31,,15600.0,0.0,2959.84,0.0,18559.84,10.36,0,3,2485.98,Berlin,basic
1292,Rafael Silva,2023-07-31,2023-08-20,7200.0,0.0,2007.88,53958.25,63166.13,15.4,3,0,-1896.89,Lagos,basic
1293,Sana Marek,2023-08-03,2024-10-01,17300.0,5441.57,12232.13,0.0,34973.7,13.08,0,0,637.7,lagos,plus
1294,Mei Costa,2023-08-08,2024-10-01,75900.0,0.0,0.0,316.17,76216.17,15.3,0,1,-1685.87,Osaka,plus
1295,Tomas Rossi,2023-08-09,2024-10-01,100400.0,212.01,0.0,0.0,100612.01,15.14,0,0,-800.56,Lagos,premium
1296,Sana Weber,2023-08-10,2024-07-09,52800.0,0.0,1251.82,1190.95,55242.77,14.44,0,4,-683.11,Lagos,plus
1297,Noor Rossi,2023-08-11,2023-09-30,146100.0,0.0,4031.38,756.83,150888.21,16.49,0,1,1419.81,Toronto,basic
1298,Lena Ivanov,2023-08-16,2024-10-01,275100.0,436.01,0.0,2458.68,,17.55,0,0,-386.09,Lima,premium
1299,Noor Okafor,2023-08-17,2024-09-24,19300.0,1745.47,0.0,0.0,21045.47,11.05,0,0,452.65,Berlin,premium
1300,Noor Dubois,2023-08-18,2024-09-09,205600.0,13306.98,8496.6,1860.34,229263.92,17.44,7,0,489.12,Osaka,plus
1301,Dev Lindgren,2023-08-23,2023-08-26,25300.0,0.0,0.0,0.0,25300.0,10.85,0,0,-603.6,Osaka,plus
1302,Liam Marek,2023-08-24,2024-03-30,117500.0,10161.04,0.0,110.9,127771.94,16.61,0,0,-1160.23,Lagos,plus
1303,Ines Mensah,2023-08-26,2023-09-03,80800.0,0.0,0.0,0.0,80800.0,15.02,0,0,-648.99,,basic
1304,Elias Silva,2023-08-28,2024-07-15,3200.0,4201.64,5766.13,0.0,13167.77,11.24,0,0,215.01,Berlin,premium
1305,Omar Mensah,2023-08-28,2024-02-29,10800.0,0.0,3520.79,0.0,14320.79,8.96,0,2,-180.55,Lima,premium
1306,Kwame Reyes,2023-08-30,2023-12-18,8000.0,0.0,10653.68,0.0,18653.68,10.73,0,0,1135.91,Osaka,plus
1307,Sana Santos,2023-08-30,2023-12-31,4100.0,0.0,0.0,0.0,4100.0,7.9,9,0,-1143.34,Toronto,basic
1308,Tomas Ivanov,2023-08-31,2023-10-23,99200.0,741.38,2632.87,0.0,,15.92,0,0,-1778.92,Lagos,basic
1309,Omar Nakamura,2023-08-31,2024-10-01,413500.0,3374.45,0.0,0.0,416874.45,17.71,7,0,-1587.25,Lagos,premium
1310,Tomas Bauer,2023-09-01,2024-10-01,25400.0,0.0,3313.26,291.72,29004.98,14.64,1,1,-535.5,Osaka,PREMIUM
1311,Yuki Novak,2023-09-01,2023-09-30,96300.0,0.0,0.0,0.0,96300.0,15.03,0,0,1748.07,Lima,plus
1312,Amara Silva,2023-09-04,2024-09-12,205200.0,0.0,6905.73,0.0,,16.17,0,0,-684.38,Unknown,premium
1313,Omar Oyelaran,2023-09-04,2023-09-24,44400.0,0.0,1218.62,371.72,45990.34,13.47,0,0,1771.19,Lagos,plus
1314,Ines Ivanov,2023-09-07,2024-09-01,33500.0,2819.92,6174.75,0.0,42494.67,12.68,5,0,28.37,Lagos,premium
1315,Elias Haddad,,2024-01-03,25700.0,0.0,0.0,26501.69,52201.69,12.95,3,0,1285.96,Osaka,basic
1316,Kwame Ivanov,2023-09-10,2024-04-19,65800.0,0.0,2165.34,0.0,67965.34,15.29,0,0,-1299.34,Toronto,basic
1317,Mei Nakamura,2023-09-11,2024-01-02,98700.0,0.0,2882.47,0.0,101582.47,15.77,0,0,-1374.88,Lagos,plus
1318,Tomas Dubois,2023-09-12,2023-11-03,60100.0,0.0,0.0,0.0,60100.0,14.62,5,0,-287.72,Osaka,basic
1319,Noor Santos,2023-09-14,2024-02-25,57700.0,828.77,2608.38,995.41,62132.56,-1.0,0,0,-829.87,Lima,basic
1320,Noor Mensah,2023-09-14,,32500.0,0.0,1517.82,2200.81,36218.63,13.48,5,0,-51.62,Lagos,plus
1321,Amara Farah,2023-09-14,2024-05-17,5100.0,1014.63,6401.87,3421.99,15938.49,10.43,4,0,1883.29,Berlin,basic
1322,,2023-09-15,2024-03-15,101400.0,6472.11,3579.67,0.0,111451.78,16.13,0,0,222.01,Lima,plus
1323,Sana Weber,2023-09-15,2023-10-19,7400.0,0.0,0.0,914.29,8314.29,8.96,4,0,-1907.53,Osaka,basic
1324,Ines Kim,2023-09-15,2024-01-05,72600.0,0.0,1616.66,0.0,74216.66,14.29,0,0,-3906.0,Lima,Premium
1325,Tomas Rossi,2023-09-17,2023-10-30,85600.0,4326.03,0.0,0.0,,15.06,0,1,319.83,Berlin,basic
1326,Jonas Rossi,2023-09-20,2024-10-01,8800.0,167.91,0.0,0.0,8967.91,9.91,0,0,-985.31,Lagos,plus
1327,Sana Okafor,2023-09-20,2024-09-04,16700.0,0.0,3500.71,1191.81,21392.52,10.5,1,1,506.21,Osaka,plus
1328,Liam Silva,2023-09-21,,440500.0,8022.66,5360.06,1857.68,,17.89,0,0,-28.31,Toronto,basic
1329,Freya Okafor,2023-09-21,2024-04-29,31400.0,0.0,844.68,0.0,32244.68,12.82,4,0,5291.66,Lima,basic
1330,Freya Novak,2023-09-22,2023-10-15,8000.0,0.0,1895.09,174.92,10070.01,9.79,0,0,-283.72,Lima,basic
1331,Lena Ivanov,2023-09-22,2024-08-03,90300.0,0.0,0.0,0.0,90300.0,16.0,0,0,2909.82,Toronto,basic
1332,Amara Khan,2023-09-25,2023-10-08,13700.0,5320.08,3197.43,0.0,22217.51,13.06,1,2,-613.37,Lagos,basic
1333,Freya Rossi,2023-09-25,2024-06-11,3400.0,0.0,0.0,0.0,3400.0,-1.0,0,0,-621.55,Osaka,basic
1334,Noor Reyes,2023-09-26,2023-12-10,64500.0,0.0,6801.77,344.18,71645.95,14.64,0,0,94.85,Berlin,plus
1335,Jonas Haddad,2023-09-29,2024-03-11,11500.0,0.0,1190.31,0.0,12690.31,12.05,15,0,-2736.1,Toronto,
1336,Lena Novak,2023-09-29,2023-10-11,50800.0,0.0,12274.83,0.0,63074.83,14.21,0,3,6164.54,Lima,basic
1337,Liam Oyelaran,,2023-11-18,13000.0,0.0,1283.46,441.35,14724.81,10.79,0,2,-4105.83,Lima,basic
1338,Priya Novak,2023-10-05,2023-10-28,80700.0,1173.2,2069.53,0.0,83942.73,15.63,0,0,1203.37,Lima,basic
1339,Rafael Silva,2023-10-05,2024-10-01,43100.0,0.0,5594.2,5120.28,53814.48,13.75,0,3,426.5,Lagos,PLUS
1340,Yuki Nakamura,2023-10-06,2023-12-02,2500.0,4036.05,21311.95,0.0,27848.0,13.53,0,0,-511.62,Lagos,plus
1341,Amara Rossi,2023-10-08,2024-02-09,54600.0,1264.91,0.0,0.0,55864.91,13.57,0,0,-609.61,Toronto,PLUS
1342,Yuki Kim,2023-10-08,2023-10-18,24400.0,6108.38,5154.8,1950.06,37613.24,12.8,0,0,279.16,Lima,basic
1343,Liam Bauer,2023-10-10,2024-01-08,189100.0,8555.61,0.0,0.0,197655.61,17.46,2,0,-557.35,Lagos,basic
1344,Ines Oyelaran,2023-10-12,2024-10-01,55500.0,0.0,8581.47,0.0,,14.43,0,0,-2224.67,Lima,basic
1345,Omar Rossi,2023-10-13,2024-01-19,85600.0,0.0,14530.87,0.0,100130.87,15.42,2,0,831.88,Lima,plus
1346,Diego Marek,2023-10-16,2024-10-01,14700.0,0.0,2968.83,295.9,17964.73,10.02,0,2,-1100.3,Berlin,basic
1347,Liam Ivanov,2023-10-16,2024-10-01,13400.0,0.0,12232.47,0.0,25632.47,12.05,5,0,748.64,Lagos,premium
1348,Elias Novak,2023-10-17,2024-02-01,33500.0,0.0,16819.96,2679.23,52999.19,,2,0,-174.76,Osaka,plus
1349,Tomas Santos,2023-10-19,2024-09-17,22400.0,19.92,26475.08,2942.17,51837.17,13.26,0,0,-4907.84,Osaka,plus
1350,Sana Farah,2023-10-21,2023-11-02,172100.0,903.65,0.0,0.0,173003.65,17.09,2,0,-1250.33,Lagos,
1351,Yuki Silva,2023-13-45,2024-10-01,28700.0,0.0,0.0,0.0,28700.0,12.8,9,0,-201.43,Osaka,premium
1352,Elias Dubois,2023-10-23,2024-01-27,7900.0,7415.18,0.0,0.0,15315.18,11.04,5,0,57.74,Lima,basic
1353,Elias Lindgren,2023-10-24,2023-12-30,12800.0,0.0,1033.82,0.0,13833.82,,3,0,-393.12,Lima,basic
1354,Ana Marek,2023-10-25,2024-10-01,110000.0,0.0,3367.91,0.0,113367.91,15.33,0,0,804.78,Toronto,premium
1355,Ines Okafor,2023-13-45,2024-02-08,28300.0,0.0,4975.78,0.0,33275.78,12.69,0,0,712.13,Toronto,plus
1356,Rafael Ivanov,2023-10-27,2024-03-21,26500.0,6879.8,0.0,0.0,33379.8,12.75,0,0,2520.19,Lima,basic
1357,Omar Ivanov,2023-10-30,2024-06-30,123300.0,0.0,0.0,4718.43,128018.43,15.94,0,0,918.52,Berlin,basic
1358,Mei Weber,2023-11-01,2023-11-23,11500.0,0.0,1038.81,0.0,12538.81,11.37,0,0,2295.95,Lima,basic
1359,Rafael Bauer,2023-11-01,2024-03-04,2500.0,0.0,3707.18,0.0,6207.18,8.04,0,0,1734.54,Berlin,plus
1360,Diego Khan,2023-11-02,2024-04-27,12400.0,0.0,0.0,0.0,12400.0,11.43,3,0,2769.64,Berlin,basic
1361,Yuki Mensah,2023-11-02,2023-11-15,46200.0,8171.63,0.0,0.0,54371.63,14.04,0,0,622.71,Lagos,basic
1362,Tomas Novak,2023-11-03,2023-12-04,25600.0,0.0,0.0,0.0,25600.0,12.77,0,3,2307.35,,basic
1363,Dev Weber,2023-11-08,2024-06-05,5300.0,1854.43,6572.72,900.79,14627.94,13.01,0,0,-3209.44,Osaka,premium
1364,Diego Novak,2023-11-08,2024-01-23,116900.0,3733.65,3085.81,0.0,123719.46,15.39,0,0,365.76,Lagos,plus
1365,Priya Mensah,2023-11-13,2024-01-25,42000.0,0.0,769.65,0.0,42769.65,12.48,1,0,3826.26,Osaka,basic
1366,Noor Ivanov,2023-11-13,2024-10-01,55100.0,0.0,7024.28,543.49,62667.77,14.46,0,0,-421.64,Osaka,premium
1367,Amara Okafor,2023-11-13,2024-05-18,57200.0,2030.11,384.36,0.0,59614.47,14.47,0,4,570.81,Lima,basic
1368,Sana Khan,2023-11-15,2024-10-01,7300.0,0.0,0.0,5719.03,13019.03,11.54,0,2,-800.76,Berlin,Plus
1369,Liam Reyes,2023-11-16,2024-03-06,49700.0,0.0,0.0,0.0,49700.0,13.36,1,0,-141.78,Osaka,plus
1370,Rafael Khan,2023-11-22,2023-12-24,102600.0,463.65,0.0,154.2,103217.85,14.73,2,0,-573.68,Toronto,basic
1371,Amara Ivanov,2023-11-22,2024-01-14,135700.0,658.39,39002.58,31.7,175392.67,15.34,0,0,-1398.31,Lima,plus
1372,Elias Silva,2023-11-23,2024-06-20,82100.0,6892.13,27566.12,3625.94,120184.19,14.64,12,0,1181.7,Berlin,premium
1373,Kwame Nakamura,2023-11-23,2024-01-29,63900.0,732.96,12491.6,0.0,77124.56,14.42,1,0,-783.84,Osaka,basic
1374,Noor Lindgren,2023-11-26,2024-07-29,4300.0,0.0,1762.83,0.0,6062.83,9.07,0,0,98.42,Toronto,basic
1375,Sana Weber,2023-11-27,,33900.0,4130.98,0.0,1932.58,39963.56,,2,0,-603.48,Lagos,plus
1376,Hugo Kim,2023-11-29,2023-12-16,11000.0,0.0,0.0,0.0,11000.0,9.12,0,0,-3130.17,Berlin,basic
1377,Liam Nakamura,2023-12-01,2024-02-19,160900.0,942.74,1733.71,0.0,163576.45,16.68,0,0,-282.39,Osaka,plus
1378,Amara Marek,2023-12-04,2023-12-06,134100.0,0.0,4594.97,0.0,138694.97,15.47,0,0,1976.1,Lagos,basic
1379,Ines Rossi,2023-12-04,2024-10-01,11000.0,0.0,0.0,0.0,11000.0,10.65,1,0,-22.57,Lima,premium
1380,Diego Bauer,2023-12-06,2024-02-11,32700.0,0.0,2443.34,0.0,35143.34,12.59,0,0,634.07,Berlin,plus
1381,Noor Marek,2023-12-07,2023-12-13,46500.0,7628.87,5118.07,0.0,59246.94,,0,0,1603.47,Unknown,premium
1382,Amara Bauer,2023-12-08,2024-01-06,101800.0,0.0,6102.64,0.0,107902.64,16.32,1,0,-513.75,Osaka,basic
1383,Kwame Kim,2023-12-15,2024-10-01,4600.0,4399.52,1479.04,0.0,10478.56,10.28,0,0,-1552.56, Lagos,premium
1384,Lena Novak,2023-12-15,2024-04-09,2500.0,0.0,0.0,0.0,2500.0,8.36,1,0,2043.73,Osaka,plus
1385,Liam Bauer,2023-12-20,2024-08-22,36200.0,0.0,0.0,0.0,36200.0,13.7,0,2,1425.41,Unknown,plus
1386,Noor Lindgren,2023-12-22,2024-05-17,2500.0,0.0,0.0,62.71,2562.71,8.38,1,0,-612.85,Osaka,PLUS
1387,Mei Weber,unknown,2024-02-14,41800.0,0.0,0.0,0.0,41800.0,,0,3,-1173.84,Lima,basic
1388,Ana Okafor,2023-12-29,2024-07-23,70300.0,875.5,5953.91,0.0,,15.52,1,0,-4592.47,Lagos,plus
1389,,2024-01-01,2024-07-03,152300.0,53.69,1107.48,860.93,154322.1,15.67,2,1,-1097.21,Toronto,basic
1390,Tomas Dubois,2024-01-02,2024-01-14,16400.0,9793.73,1431.62,0.0,27625.35,11.8,0,0,360.1,Osaka,basic
1391,Priya Bauer,2024-01-03,2024-04-18,41900.0,0.0,0.0,0.0,41900.0,15.16,2,0,884.4,Lima,plus
1392,Freya Khan,2024-01-03,2024-01-27,75500.0,0.0,0.0,0.0,75500.0,13.84,0,0,177.23,Lima,basic
1393,Kwame Okafor,2024-01-04,2024-10-01,8400.0,1327.61,5326.14,0.0,15053.75,10.81,1,0,909.46,Berlin,plus
1394,Elias Nakamura,2024-01-04,2024-02-23,103600.0,3517.73,0.0,0.0,107117.73,13.96,2,2,-1128.97,Toronto,BASIC
1395,Jonas Costa,2024-01-05,2024-04-20,48000.0,29.42,0.0,0.0,48029.42,13.04,2,0,533.16,Lima,BASIC
1396,Tomas Lindgren,2024-01-05,2024-04-03,16700.0,0.0,0.0,73.4,16773.4,10.61,0,0,1139.37,Toronto,plus
1397,Diego Kim,2024-01-06,2024-01-28,40900.0,506.11,0.0,0.0,,12.85,0,0,-1354.66, Unknown,basic
1398,Kwame Rossi,2024-01-08,2024-03-23,29200.0,0.0,0.0,0.0,29200.0,12.86,0,0,711.84,Osaka,premium
1399,Jonas Silva,2024-01-09,2024-10-01,88100.0,11139.79,0.0,0.0,99239.79,15.74,0,0,-347.7,Lima,
1400,Jonas Dubois,2024-01-09,2024-02-13,22400.0,15395.04,4101.75,0.0,41896.79,12.61,0,0,220.89,Lagos,basic
1401,Dev Rossi,2024-01-09,2024-03-31,45400.0,9274.94,0.0,0.0,54674.94,13.37,8,1,134.15,Toronto,basic
1402,Ana Costa,2024-01-09,2024-05-21,16400.0,0.0,24950.46,3665.46,45015.92,14.44,0,0,-4570.75,Lagos,basic
1403,Kwame Kim,2024-01-09,2024-05-26,11200.0,9664.11,1232.03,1399.02,23495.16,13.51,1,0,-842.75,Toronto,plus
1404,Elias Khan,2024-01-10,2024-02-15,42400.0,0.0,2981.75,0.0,45381.75,14.6,1,0,-722.33,Lagos,basic
1405,Freya Reyes,2024-01-10,2024-10-01,11800.0,0.0,4952.26,0.0,16752.26,10.08,0,0,48.77,Lima,premium
1406,Amara Santos,2024-01-10,2024-05-10,90300.0,764.35,0.0,,91064.35,16.07,8,2,-407.42,Toronto,premium
1407,Kwame Rossi,2024-01-10,2024-07-03,70300.0,0.0,0.0,0.0,70300.0,16.04,0,0,-1160.79,Berlin,basic
1408,Hugo Haddad,2024-01-11,2024-03-15,13800.0,0.0,726.56,0.0,14526.56,9.73,5,0,-259.64,Lagos,plus
1409,Freya Novak,2024-01-12,2024-04-29,44600.0,5034.66,2227.18,0.0,51861.84,14.75,1,3,-3203.14,Berlin,basic
1410,Yuki Farah,2024-01-12,2024-01-02,13700.0,3211.57,0.0,0.0,16911.57,11.6,1,0,-407.0,Lagos,plus
1411,Noor Rossi,2024-01-12,2024-10-01,5000.0,2986.78,23842.49,0.0,31829.27,12.55,0,3,527.08,Osaka,basic
1412,Rafael Weber,2024-01-12,2023-12-02,16900.0,0.0,42817.23,0.0,59717.23,14.28,0,0,253.74,Lagos,plus
1413,Tomas Rossi,2024-01-12,2024-08-29,32500.0,1024.11,4226.83,0.0,37750.94,13.54,9,0,-788.41,Berlin,basic
1414,Lena Mensah,--,2024-06-21,64600.0,0.0,1091.43,0.0,65691.43,15.33,1,0,-7803.64,Lagos,premium
1415,Freya Ivanov,2024-01-16,2024-01-18,41300.0,0.0,9302.55,0.0,50602.55,14.71,0,0,482.15,Osaka,basic
1416,Omar Oyelaran,2024-01-16,2024-01-23,102700.0,0.0,1667.24,0.0,104367.24,14.22,0,0,-2515.31,Toronto,plus
1417,Tomas Khan,2024-01-17,2024-09-30,10600.0,708.39,2567.86,0.0,13876.25,10.46,0,0,-385.5,,premium
1418,Lena Nakamura,2024-01-17,2024-07-21,22000.0,0.0,2371.2,0.0,24371.2,12.3,0,0,-274.59,Lima,plus
1419,Tomas Marek,2024-01-17,2024-06-04,248500.0,0.0,2695.92,0.0,251195.92,18.61,3,0,405.99,Lagos,plus
1420,Ines Farah,2024-01-18,2024-02-24,3400.0,3498.02,0.0,2724.16,9622.18,8.0,0,0,1257.51,Lagos,basic
1421,Tomas Bauer,2024-01-19,2024-05-02,20100.0,936.37,1195.71,0.0,22232.08,11.53,0,0,2575.37,Osaka,basic
1422,Ines Farah,2024-01-19,2024-02-06,9500.0,11301.76,2203.91,0.0,23005.67,10.87,0,0,-2107.89,Lagos,basic
1423,Mei Lindgren,2024-01-19,2024-10-01,27300.0,4664.45,12331.89,0.0,44296.34,12.44,0,0,3218.68,Berlin,premium
1424,Liam Khan,2024-01-19,2024-02-13,20500.0,3653.8,0.0,0.0,24153.8,12.99,0,0,280.99,Lima,basic
1425,Rafael Okafor,2024-01-19,2024-10-01,71200.0,0.0,5040.77,0.0,,14.31,2,0,3472.03, Toronto,basic
1426,Elias Khan,2024-01-21,2024-10-01,46900.0,0.0,0.0,0.0,46900.0,11.8,0,0,-590.67,Berlin,plus
1427,Jonas Silva,2024-01-22,2024-04-11,7200.0,4714.3,11473.37,0.0,23387.67,12.01,1,4,-1646.41, Berlin,basic
1428,Ines Reyes,2024-01-22,2024-02-07,17100.0,11977.41,0.0,2463.37,31540.78,,0,0,1131.45,Toronto,premium
1429,Diego Novak,2024-01-22,2024-06-01,34500.0,37.07,13683.81,583.43,,12.3,5,0,-529.4,TORONTO,basic
1430,Amara Haddad,2024-01-23,2024-05-24,83900.0,0.0,5188.89,0.0,89088.89,15.5,0,0,-100.0,Berlin,basic
1431,Dev Oyelaran,2024-01-24,,640200.0,2708.32,0.0,0.0,642908.32,20.68,0,0,-2159.78,Osaka,plus
1432,Liam Santos,2024-01-26,2024-10-01,80300.0,10314.95,830.65,41045.58,,15.91,1,0,-320.92,Berlin,plus
1433,Yuki Weber,2024-01-26,2024-09-07,10200.0,0.0,39137.88,0.0,49337.88,15.32,0,0,145.91,Lima,premium
1434,Jonas Nakamura,2022-02-30,2024-01-28,30900.0,2679.79,0.0,1924.58,35504.37,12.52,3,0,1481.12,Lagos,basic
1435,Diego Farah,2024-01-27,2024-04-29,42900.0,1612.23,0.0,881.19,45393.42,14.75,0,0,-507.81,Osaka,basic
1436,Rafael Bauer,2024-01-29,2024-06-06,18500.0,2737.86,0.0,0.0,21237.86,12.89,0,0,586.01,Osaka,basic
1437,Priya Dubois,2024-01-30,2024-09-09,60700.0,2829.51,5564.08,0.0,69093.59,14.49,0,0,-62.91,Lagos,basic
1438,Kwame Santos,2024-01-30,2024-10-01,2500.0,0.0,17195.45,,19695.45,10.56,0,0,361.76,Lagos,plus
1439,Diego Rossi,n/a,2024-06-04,67100.0,923.58,0.0,,69433.45,13.72,0,0,-1236.95,Osaka,basic
1440,Omar Bauer,2024-01-31,2024-05-01,19500.0,0.0,0.0,,19500.0,9.86,0,0,1048.25,Lagos,plus
1441,Jonas Haddad,2024-02-05,2024-02-09,30300.0,9907.14,2368.24,0.0,42575.38,13.93,0,0,814.66,Osaka,premium
1442,Mei Bauer,2024-02-06,,200600.0,2595.97,0.0,0.0,203195.97,17.27,9,0,-505.71,Osaka,basic
1443,Sana Bauer,2024-02-07,2024-05-29,7600.0,2367.78,4900.05,118467.48,133335.31,16.02,0,0,307.17,Lima,plus
1444,Sana Khan,2024-02-08,2024-04-01,47900.0,11270.31,0.0,3682.25,62852.56,14.21,0,0,723.15,Lima,basic
1445,Kwame Dubois,2024-02-10,2024-10-01,89600.0,3775.74,6182.17,0.0,,16.4,0,0,-1187.78,LIMA,plus
1446,Omar Mensah,unknown,2024-10-01,42400.0,0.0,3255.31,0.0,45655.31,13.84,2,0,11912.01,Lima,basic
1447,Lena Lindgren,2024-02-12,2024-04-19,5000.0,0.0,609.38,0.0,5609.38,8.55,0,0,-719.97,Berlin,plus
1448,Jonas Kim,2024-02-14,2024-10-01,174600.0,0.0,0.0,35.11,174635.11,16.67,1,0,3221.01,Osaka,basic
1449,Jonas Okafor,,2024-10-01,26800.0,20.91,3149.33,0.0,29970.24,14.32,0,0,5.04,Osaka,basic
1450,Tomas Ivanov,2024-02-15,2024-03-01,18300.0,948.82,10434.12,0.0,29682.94,13.15,0,0,324.16,Lagos,basic
1451,Dev Farah,2024-02-16,2024-10-01,23800.0,9353.29,5914.71,2295.9,41363.9,13.07,0,0,352.93,Unknown,basic
1452,Liam Lindgren,2024-02-17,2024-07-28,21800.0,0.0,0.0,0.0,21800.0,11.94,0,0,-623.5,Lima,premium
1453,Freya Ivanov,2024-02-20,2024-07-10,8300.0,720.28,0.0,,9020.28,10.41,0,0,-762.52,Osaka,basic
1454,Dev Reyes,2024-02-26,2024-10-01,42100.0,0.0,2555.59,176.93,44832.52,13.23,0,0,-2514.27,Lagos,premium
1455,Elias Mensah,2024-02-28,2024-01-07,16900.0,2534.72,4194.97,0.0,23629.69,11.75,0,0,360.47,Berlin,basic
1456,Rafael Novak,2024-03-05,2024-09-10,77300.0,1347.25,3139.92,448.47,,14.89,1,0,-407.02,Berlin,BASIC
1457,Dev Farah,2024-03-06,2024-05-27,64300.0,0.0,7244.32,0.0,71544.32,15.81,2,1,-211.0,Lima,basic
1458,Sana Dubois,2024-03-06,2024-05-12,243000.0,7327.53,4721.22,0.0,255048.75,18.02,0,0,2376.22,Toronto,basic
1459,Rafael Oyelaran,2024-03-08,2024-08-04,26800.0,0.0,2371.89,0.0,29171.89,12.29,0,0,-464.34,Lagos,premium
1460,Liam Rossi,2024-03-08,2024-05-20,13200.0,0.0,4485.48,0.0,17685.48,12.21,20,0,395.76,Lagos,basic
1461,Diego Rossi,2024-03-11,2024-10-01,5900.0,5108.08,0.0,0.0,11008.08,10.48,2,0,181.79,Berlin,premium
1462,Freya Silva,2024-03-15,2024-04-09,480200.0,5344.82,0.0,122.79,,19.08,0,1,1351.59,Berlin,basic
1463,Sana Ivanov,2024-03-18,2024-03-31,76500.0,0.0,6105.89,0.0,82605.89,15.11,0,0,442.91,Lima,basic
1464,Amara Marek,2024-03-20,2024-06-17,15000.0,0.0,0.0,0.0,15000.0,9.47,1,0,-242.04,Lima,
1465,Ines Mensah,2024-03-20,2024-10-01,263500.0,0.0,13434.37,0.0,276934.37,15.13,3,0,-4578.53,Lagos,plus
1466,Diego Ivanov,2024-03-21,2024-07-24,175900.0,0.0,0.0,0.0,175900.0,16.75,0,0,1820.54,Osaka,plus
1467,Yuki Bauer,2024-03-23,2024-10-01,6800.0,0.0,0.0,0.0,6800.0,8.73,1,0,470.73,Berlin,premium
1468,,2024-03-25,2024-04-09,14000.0,0.0,1455.93,0.0,15455.93,9.91,0,0,3123.79,Lima,basic
1469,Kwame Ivanov,2024-03-25,2024-05-05,29500.0,10979.83,13814.19,0.0,54294.02,13.33,1,0,-1952.31,Lima,basic
1470,Elias Khan,2024-03-29,2024-10-01,9600.0,0.0,11336.47,0.0,20936.47,12.63,0,0,924.91,Toronto,plus
1471,Sana Haddad,2024-04-04,,30800.0,0.0,0.0,,30800.0,13.02,0,0,-3687.38,Toronto,plus
1472,Lena Silva,2024-04-04,2024-09-03,81200.0,0.0,0.0,0.0,81200.0,15.49,0,0,-796.8,Lagos,plus
1473,Ines Silva,2024-04-05,2024-04-11,6600.0,0.0,1502.45,0.0,8102.45,10.16,1,0,267.41,Berlin,basic
1474,Noor Costa,2024-04-05,2024-05-19,49100.0,2247.24,1157.7,19818.69,,13.88,0,0,699.31,Lagos,plus
1475,Noor Marek,2024-04-05,2024-04-13,140400.0,0.0,0.0,0.0,140400.0,16.7,0,1,-1400.05,Lagos,basic
1476,,2024-04-08,2024-10-01,55800.0,0.0,1266.77,293.41,57360.18,14.57,6,1,868.02,Osaka,premium
1477,Noor Oyelaran,2024-04-08,2024-10-01,31500.0,10602.22,0.0,,42102.22,13.33,0,0,-565.6,Toronto,Basic
1478,Rafael Bauer,2024-04-09,2024-08-11,15500.0,8939.6,990.24,743.48,26173.32,12.43,1,0,677.95,Lagos,plus
1479,Amara Lindgren,2024-04-09,2024-07-31,93600.0,0.0,0.0,0.0,93600.0,15.82,7,2,-685.71,Osaka,basic
1480,Dev Okafor,2024-04-09,2024-04-22,8400.0,0.0,6875.4,0.0,15275.4,10.6,0,0,730.46,Osaka,plus
1481,Freya Bauer,2024-04-10,2024-10-01,46200.0,5449.57,0.0,0.0,51649.57,-1.0,2,1,-83.69,,premium
1482,Yuki Santos,2024-04-12,2024-10-01,35600.0,1288.76,6941.61,0.0,43830.37,13.97,0,0,585.1,Osaka,premium
1483,,2024-04-15,2024-06-09,133400.0,581.36,11457.51,47133.49,,16.77,1,0,-555.78,Berlin,basic
1484,Noor Haddad,2024-04-18,2024-04-22,17200.0,0.0,0.0,0.0,17200.0,12.68,2,0,-585.89,Toronto,basic
1485,Priya Nakamura,2024-04-25,2024-10-01,19000.0,1336.5,0.0,0.0,20336.5,10.79,0,0,6862.77,Lagos,premium
1486,Yuki Lindgren,2024-05-01,2024-10-01,7800.0,0.0,3315.75,0.0,11115.75,10.13,3,0,-1010.6,Berlin,plus
1487,Elias Ivanov,2024-05-01,2024-04-04,58400.0,0.0,16358.87,0.0,74758.87,14.14,0,0,290.89,Lima,plus
1488,Mei Silva,2024-05-02,2024-07-26,20800.0,9154.7,36310.63,403.62,66668.95,14.72,1,0,853.75,Osaka,basic
1489,Freya Farah,2024-05-02,2024-06-08,12300.0,2129.2,1347.58,0.0,15776.78,12.21,0,0,1301.66,Lagos,basic
1490,Mei Reyes,2024-05-04,2024-10-01,13800.0,0.0,0.0,0.0,13800.0,10.18,0,0,-705.32,Lima,
1491,Liam Santos,2024-05-06,2024-10-01,65800.0,0.0,7856.78,0.0,73656.78,17.3,0,0,-2091.07,Osaka,plus
1492,Priya Okafor,2024-05-08,2024-10-01,9200.0,364.86,0.0,0.0,9564.86,9.63,1,0,1536.13,Lima,basic
1493,Tomas Dubois,2024-05-08,2024-10-01,10200.0,0.0,31475.9,330.07,42005.97,13.71,0,0,496.85,Unknown,basic
1494,Priya Khan,2023-13-45,2024-10-01,101300.0,0.0,9301.12,56212.34,166813.46,16.46,0,0,-2689.6,Lima,premium
1495,Priya Farah,2024-05-10,2024-06-26,28300.0,0.0,17957.82,0.0,46257.82,13.67,0,0,-357.88,Osaka,plus
1496,Dev Bauer,2024-05-13,2024-10-01,108700.0,0.0,0.0,0.0,108700.0,14.88,9,1,1828.14,Lima,premium
1497,Priya Costa,2024-05-20,,22400.0,589.49,0.0,0.0,22989.49,12.95,1,0,8451.04,Lima,basic
1498,Amara Silva,2024-05-23,2024-06-26,34500.0,0.0,10733.88,0.0,45233.88,12.9,3,0,-1446.34,Berlin,basic
1499,Diego Okafor,2024-05-24,2024-10-01,41700.0,0.0,0.0,0.0,41700.0,11.99,0,0,-361.2,Toronto,plus
1500,Noor Farah,2024-05-30,2024-07-14,182500.0,9132.29,4410.04,1060.89,197103.22,15.92,0,0,808.07,Osaka,basic
1501,Dev Silva,2024-05-30,2024-09-19,165600.0,0.0,6003.14,0.0,171603.14,17.67,6,0,117.05,Lagos,plus
1502,Dev Santos,2024-06-08,2024-10-01,137800.0,2770.47,0.0,0.0,,17.08,1,0,-1304.38,Toronto,basic
1503,Kwame Farah,2024-06-08,2024-07-09,16200.0,0.0,0.0,0.0,16200.0,9.72,0,0,1326.77,Osaka,plus
1504,Dev Haddad,2024-06-10,2024-10-01,10600.0,7420.39,21316.32,0.0,39336.71,13.93,0,0,-1267.64,Osaka,basic
1505,Noor Rossi,2024-06-13,2024-08-05,86100.0,795.89,2086.34,0.0,88982.23,13.49,0,0,-312.76,Berlin,plus
1506,Ana Dubois,2024-06-14,2024-10-01,180300.0,5386.07,0.0,0.0,,16.67,2,0,-378.84,Lagos,premium
1507,Hugo Reyes,2024-06-17,2024-09-23,139400.0,0.0,0.0,0.0,139400.0,15.09,0,2,-82.97,Osaka,
1508,Rafael Bauer,2024-06-18,2024-07-10,35100.0,4512.59,0.0,0.0,39612.59,14.0,0,0,-139.06,,basic
1509,Elias Ivanov,2024-06-21,,82700.0,2046.68,1515.35,0.0,,15.45,1,2,614.99,Lima,basic
1510,Noor Okafor,2024-06-25,2024-10-01,84500.0,0.0,811.34,,85311.34,15.76,1,0,-433.01,Lagos,plus
1511,Hugo Novak,2024-07-04,2024-10-01,41300.0,0.0,7226.98,0.0,48526.98,13.5,1,0,-860.74,,basic
1512,Hugo Kim,2024-07-04,2024-10-01,43500.0,0.0,4174.52,0.0,47674.52,13.55,0,0,-1867.23,Berlin,basic
1513,Yuki Okafor,2024-07-04,2024-10-01,38900.0,0.0,1947.35,811.55,41658.9,12.2,0,0,-2385.65,Lagos,plus
1514,Tomas Reyes,2024-07-09,,13400.0,0.0,681.23,0.0,14081.23,10.19,2,0,1275.18,Berlin,plus
1515,Priya Reyes,2024-07-09,2024-10-01,15200.0,3560.11,0.0,0.0,18760.11,12.41,1,2,-468.2,Osaka,plus
1516,Mei Ivanov,2024-07-11,2024-08-20,14900.0,11897.99,3737.88,1964.02,32499.89,13.15,0,0,-5040.02,Lima,basic
1517,Yuki Haddad,2024-07-11,2024-10-01,5100.0,0.0,2178.31,,7278.31,9.65,0,1,460.74,Lagos,premium
1518,Sana Kim,2024-07-16,2024-08-21,41000.0,24138.58,1695.89,297.13,67131.6,15.46,6,0,-93.39,Lagos,basic
1519,Amara Rossi,2024-07-17,2024-10-01,32900.0,54.39,3503.17,0.0,36457.56,12.07,0,0,-614.74,Lima,basic
1520,Elias Nakamura,2024-07-18,2024-10-01,86200.0,0.0,0.0,604.16,,15.59,0,0,825.15,Osaka,plus
1521,Rafael Novak,2024-07-24,2024-05-11,156800.0,6057.44,3197.16,0.0,,15.5,0,3,-520.88,Berlin,basic
1522,Amara Costa,2024-07-29,2024-10-01,169300.0,1586.18,1354.89,0.0,,17.71,0,0,2508.83,Osaka,plus
1523,Liam Lindgren,2024-07-29,2024-10-01,189500.0,3363.73,4195.95,,199576.95,17.28,13,1,-360.43,Toronto,basic
1524,Elias Silva,2024-07-30,2024-09-16,13900.0,0.0,12651.71,,26551.71,13.18,0,0,-292.12,Lagos,basic
1525,Tomas Marek,2024-07-31,2024-10-01,6200.0,0.0,4629.79,0.0,10829.79,9.88,11,3,-319.16,Osaka,plus
1526,Jonas Costa,2024-07-31,2024-08-31,105500.0,6731.68,4762.0,0.0,,17.42,1,0,-456.75,Lima,basic
1527,Liam Santos,2024-07-31,2024-10-01,181400.0,0.0,3210.98,0.0,,18.28,0,0,-510.13,Berlin,plus
1528,Hugo Weber,2022-02-30,2024-10-01,223500.0,0.0,0.0,0.0,,17.44,0,0,-229.62,Lima,plus
1529,Ines Marek,2024-08-02,2024-09-24,61800.0,0.0,1767.11,,,15.27,0,0,1211.83,Lima,basic
1530,Mei Lindgren,2024-08-09,,3100.0,0.0,843.99,0.0,3943.99,7.97,0,5,3.54,Berlin,plus
1531,Hugo Reyes,2024-08-14,2024-10-01,53600.0,0.0,14490.17,1764.16,69854.33,13.52,2,0,947.2,Berlin,premium
1532,Jonas Silva,2024-08-15,2024-09-20,67300.0,33.35,7061.79,1317.28,75712.42,15.35,0,0,-1318.47,Lima,PLUS
1533,Rafael Lindgren,2024-08-19,2024-10-01,155200.0,0.0,0.0,2519.77,157719.77,15.6,1,3,-2538.14,Lagos,basic
1534,Ines Costa,2024-08-19,2024-10-01,192100.0,447.88,5976.45,0.0,,17.89,1,0,-1350.71,Berlin,plus
1535,Diego Reyes,2024-08-22,2024-10-01,102900.0,1991.04,0.0,0.0,104891.04,16.27,2,0,-718.54,Osaka,
1536,Priya Okafor,2024-08-27,2024-10-01,17100.0,0.0,2133.36,0.0,19233.36,11.89,0,0,-382.08,Berlin,plus
1537,Noor Khan,2024-08-28,2024-10-01,10000.0,0.0,0.0,0.0,10000.0,10.41,0,0,2413.45,Lagos,BASIC
1538,Sana Weber,2024-08-30,2024-10-01,65600.0,0.0,0.0,0.0,65600.0,15.19,0,0,653.93,Lima,basic
1539,Mei Okafor,2024-08-30,2024-10-01,13300.0,17467.06,0.0,90.78,30857.84,12.96,1,0,-1795.09,Osaka,plus
1540,Tomas Silva,2024-09-02,2024-10-01,202800.0,4521.59,0.0,0.0,,16.61,0,1,985.61,Osaka,plus
1541,Diego Okafor,2024-09-02,2024-10-01,4500.0,0.0,0.0,0.0,4500.0,7.29,0,0,166.82,Lagos,premium
1542,Rafael Dubois,2024-09-03,2024-10-01,68200.0,16810.26,17430.63,0.0,,16.15,4,1,-543.29,Lima,premium
1543,Omar Silva,2024-09-03,2024-09-17,50700.0,1302.85,0.0,0.0,52002.85,14.18,2,0,-703.55,Lima,basic
1544,Noor Lindgren,2024-09-05,2024-10-01,27000.0,0.0,0.0,0.0,27000.0,14.65,0,1,-2700.86,Berlin,plus
1545,Yuki Nakamura,2024-09-05,2024-10-01,11400.0,1954.62,0.0,0.0,13354.62,10.82,0,0,-406.13,LAGOS,basic
1546,Diego Lindgren,2024-09-06,2024-09-08,2900.0,4971.48,0.0,96.92,7968.4,10.0,0,0,586.58,Berlin,basic
1547,Omar Reyes,2024-09-06,2024-10-01,18300.0,218.9,0.0,0.0,18518.9,11.88,0,2,1547.21,Toronto,basic
1548,Elias Rossi,2024-09-07,2024-10-01,18600.0,0.0,3554.63,0.0,22154.63,12.53,2,0,-941.29,Lima,premium
1549,Yuki Santos,2024-09-08,2024-10-01,131100.0,0.0,4029.79,364.58,135494.37,15.22,0,0,-1512.93,Lima,basic
1550,Freya Nakamura,2024-09-08,2024-09-22,13500.0,0.0,0.0,465.74,13965.74,10.94,2,0,-383.49,Lagos,basic
1551,Yuki Oyelaran,2024-09-09,2024-10-01,59500.0,0.0,12694.64,7935.6,,15.5,0,0,-409.71,Lagos,basic
1552,Amara Reyes,2024-09-09,2024-10-01,7300.0,0.0,0.0,0.0,7300.0,9.3,0,0,732.54,Toronto,basic
1553,Mei Weber,2024-09-09,2024-10-01,61500.0,6832.61,2900.52,0.0,71233.13,15.21,0,3,-450.97,Toronto,plus
1554,Yuki Costa,2024-09-09,2024-09-26,2500.0,0.0,703.68,0.0,3203.68,7.84,0,0,-295.38,Lagos,basic
1555,Mei Santos,2024-09-09,2024-10-01,426900.0,0.0,0.0,1696.54,428596.54,18.85,5,0,84.34,Toronto,basic
1556,Hugo Marek,2024-09-10,2024-10-01,29200.0,5074.47,0.0,,34510.41,13.91,0,0,1709.86,Lagos,basic
1557,Liam Marek,2024-09-10,2024-10-01,2500.0,0.0,6223.91,0.0,8723.91,9.78,6,0,-1225.81,Berlin,plus
1558,Rafael Dubois,2024-09-10,2024-10-01,14600.0,0.0,0.0,,14600.0,9.93,4,3,-403.58,Berlin,plus
1559,Amara Khan,2024-09-10,2024-10-01,12100.0,3099.01,0.0,0.0,15199.01,10.97,1,3,175.79,lima,PREMIUM
1560,Diego Novak,2024-09-11,2024-10-01,15700.0,1262.34,17223.72,0.0,34186.06,12.31,2,0,-3610.87,Berlin,basic
1561,Sana Silva,2024-09-11,2024-10-01,22300.0,0.0,4149.62,0.0,26449.62,10.7,6,0,-748.98,Berlin,basic
1562,Kwame Costa,2023-13-45,2024-10-01,15600.0,1823.25,0.0,0.0,17423.25,11.4,0,0,324.52, Lagos,basic
1563,Liam Novak,2024-09-11,2024-10-01,13000.0,7248.52,2828.37,0.0,23076.89,12.26,4,0,359.01,Toronto,premium
1564,Ana Dubois,2024-09-12,2024-10-01,8600.0,5164.83,0.0,0.0,13764.83,,0,0,2497.47,Lagos,basic
1565,Noor Silva,n/a,2024-10-01,92600.0,3427.93,0.0,0.0,96027.93,14.33,0,0,-529.37,Lagos,basic
1566,Freya Rossi,2024-09-13,2024-10-01,146000.0,0.0,26791.36,0.0,172791.36,16.6,0,0,1173.45,Toronto,premium
1567,Hugo Bauer,2024-09-13,2024-10-01,25500.0,0.0,13904.74,0.0,,14.18,0,3,-5427.17,Lima,Premium
1568,Kwame Bauer,2024-09-13,2024-10-01,33800.0,79.75,1340.87,0.0,35220.62,12.57,0,4,-949.31,Lima,basic
1569,Kwame Novak,2024-09-14,2024-10-01,8900.0,0.0,2020.26,0.0,10920.26,10.89,2,0,555.35,Lima,plus
1570,Liam Dubois,2024-09-15,2024-10-01,37600.0,0.0,6776.72,0.0,44376.72,14.82,0,3,1951.71,Lagos,basic
1571,Omar Novak,2024-09-15,2024-10-01,45500.0,0.0,3170.83,1346.81,50017.64,12.31,0,0,157.36,Lima,basic
1572,Yuki Khan,2024-09-16,2024-10-01,26500.0,0.0,7666.38,0.0,34166.38,-1.0,4,0,-363.69,Lima,basic
1573,Jonas Kim,2024-09-17,2024-10-01,55600.0,0.0,0.0,0.0,55600.0,14.97,1,2,1112.88,berlin,premium
1574,Noor Kim,2024-09-17,2024-09-21,50000.0,0.0,20431.06,0.0,70431.06,14.28,2,0,-398.96,Lima,basic
1575,Priya Kim,2024-09-17,2024-10-01,9800.0,1813.86,0.0,0.0,11613.86,11.7,0,2,171.25,Osaka,plus
1576,Yuki Marek,2024-09-18,2024-10-01,144600.0,0.0,50038.86,0.0,194638.86,17.3,0,0,-494.13,Toronto,basic
1577,Hugo Ivanov,2024-09-18,2024-10-01,26900.0,1063.73,0.0,638.49,28602.22,13.99,2,1,1696.05,Lima,plus
1578,Lena Nakamura,2024-09-19,,258000.0,0.0,1153.55,0.0,259153.55,17.89,1,0,-1291.91,Toronto,plus
1579,Tomas Khan,2022-02-30,2024-10-01,57200.0,0.0,35828.42,0.0,93028.42,16.65,0,0,640.39,Osaka,plus
1580,Mei Bauer,2024-09-19,2024-08-04,367700.0,5855.83,13342.09,620.65,,18.55,0,0,655.01,Toronto,premium
1581,Diego Ivanov,2024-09-19,2024-10-01,141500.0,0.0,0.0,0.0,,15.0,0,4,-4480.19, Osaka,plus
1582,Kwame Nakamura,2024-09-20,2024-09-29,45400.0,0.0,0.0,0.0,45400.0,13.09,0,4,2328.39,Lagos,plus
1583,Tomas Nakamura,2024-09-20,2024-10-01,14500.0,24115.85,1354.18,0.0,39970.03,14.13,2,0,18.78,Lagos,basic
1584,Tomas Bauer,2024-09-20,2024-10-01,14900.0,0.0,731.89,0.0,15631.89,12.04,2,0,-5603.97,Toronto,premium
1585,Diego Nakamura,2024-09-20,2024-09-30,65500.0,0.0,4265.23,448.04,70213.27,14.3,0,0,-732.59,Berlin,basic
1586,Noor Weber,2024-09-22,2024-10-01,41000.0,13723.57,0.0,135.19,54858.76,15.45,0,0,1007.61, Toronto,basic
1587,Kwame Marek,2024-09-23,2024-10-01,17000.0,0.0,0.0,0.0,17000.0,11.15,1,0,-682.1,Osaka,plus
1588,Diego Kim,2024-09-25,,93900.0,744.69,24567.3,0.0,119211.99,16.08,10,0,1489.7,Lagos,basic
1589,Amara Oyelaran,2024-09-25,2024-10-01,36200.0,0.0,0.0,0.0,36200.0,13.44,0,0,249.51,Lima,plus
1590,Mei Reyes,2024-09-26,2024-10-01,94500.0,0.0,4539.67,0.0,,14.24,0,0,1567.78,Toronto,basic
1591,Yuki Farah,unknown,,10700.0,0.0,14526.89,0.0,25226.89,-1.0,0,0,-4691.1,Lagos,basic
1592,Ines Reyes,2024-09-26,2024-10-01,114600.0,71.1,0.0,2202.19,116873.29,17.58,0,4,817.76,Osaka,premium
1593,Priya Novak,2024-09-26,2024-10-01,63000.0,0.0,0.0,0.0,63000.0,13.57,0,0,2123.6,Toronto,premium
1594,Yuki Lindgren,2024-09-27,2024-10-01,145400.0,2588.63,0.0,,147988.63,16.69,0,2,-1495.67,Lagos,basic
1595,Kwame Costa,2024-09-27,2024-10-01,111600.0,4752.7,5117.65,2112.17,123582.52,14.87,2,0,230.58,Lima,
1596,Elias Weber,2024-09-27,2024-10-01,31200.0,0.0,398.65,14434.07,46032.72,12.88,2,0,-718.64,Berlin,basic
1597,Hugo Haddad,2024-09-28,2024-10-01,28300.0,0.0,0.0,0.0,28300.0,11.42,0,0,1159.8,Osaka,basic
1598,Omar Nakamura,2024-09-29,2024-10-01,293500.0,4560.48,9140.2,0.0,307200.68,18.55,5,4,-1190.57,Berlin,premium
1599,Kwame Khan,2024-09-30,2024-10-01,24400.0,8788.41,0.0,2236.27,35424.68,12.35,0,0,-1268.9,Lagos,plus
1600,Freya Haddad,2024-09-30,2024-10-01,84800.0,0.0,6277.17,0.0,91077.17,16.14,9,0,104.36,Lagos,plus
