,customer_id,name,signup_date,annual_income,monthly_spend,city,plan
0,1001,Dev Santos,2023-04-25,23500.0,11.36,Lagos,basic
1,1002,Jonas Dubois,2024-02-04,26300.0,13.83,Lima,plus
2,1003,Noor Reyes,2024-06-25,520500.0,26.5,Berlin,premium
3,1004,Dev Oyelaran,2023-12-25,288500.0,27.88,Lagos,basic
4,1005,Kwame Okafor,2024-08-24,39300.0,14.21,Lima,basic
5,1006,Ines Lindgren,2024-02-24,41100.0,22.27,Toronto,basic
6,1007,Amara Santos,2024-05-20,20300.0,11.89,Lima,basic
7,1008,Amara Santos,2022-04-26,10200.0,9.55,Lima,plus
8,1009,Ines Farah,2024-01-05,51300.0,14.75,Osaka,plus
9,1010,Lena Ivanov,2023-03-19,23200.0,17.09,Lima,plus
10,1011,Ines Mensah,2023-07-10,52800.0,19.97,Toronto,basic
11,1012,Yuki Khan,2023-10-19,13500.0,11.42,Osaka,basic
12,1013,Hugo Weber,2024-08-30,28700.0,11.74,Lima,basic
13,1014,Noor Bauer,2024-09-15,65200.0,19.11,Osaka,premium
14,1015,Ines Dubois,2022-10-18,79300.0,17.3,Lagos,plus
15,1016,Tomas Haddad,2024-01-08,83000.0,22.95,Osaka,basic
16,1017,Dev Costa,2024-01-23,17400.0,13.77,Osaka,plus
17,1018,Diego Okafor,2022-12-15,,22.05,Osaka,basic
18,1019,Diego Bauer,2022-05-05,27700.0,9.28,Lagos,basic
19,1020,Ana Weber,2022-02-11,100700.0,18.78,Berlin,basic
20,1021,Yuki Santos,2024-02-20,56500.0,19.4,Osaka,premium
21,1022,Amara Mensah,2023-05-08,16500.0,14.35,Toronto,plus
22,1023,Dev Lindgren,2024-09-16,42900.0,18.91,Lagos,plus
23,1024,Noor Reyes,2023-04-12,79200.0,16.3,Osaka,basic
24,1025,Jonas Santos,2024-09-09,99000.0,21.39,Berlin,basic
25,1026,Hugo Silva,2023-02-17,50200.0,19.5,Osaka,plus
26,1027,Mei Ivanov,2024-03-07,226300.0,21.41,Toronto,basic
27,1028,Tomas Novak,2022-03-28,141100.0,22.52,Lima,premium
28,1029,Ines Silva,2023-07-12,45200.0,17.42,Lima,plus
29,1030,Amara Oyelaran,2024-03-15,112000.0,20.75,Lagos,basic
30,1031,Priya Marek,2024-07-17,,22.81,Lagos,plus
31,1032,Mei Lindgren,2024-04-05,332800.0,26.14,Lagos,premium
32,1033,Noor Rossi,2022-02-07,18900.0,11.79,Lima,plus
33,1034,Priya Mensah,2023-01-10,24800.0,13.53,Berlin,plus
34,1035,Dev Ivanov,2022-02-18,216900.0,23.5,Lagos,premium
35,1036,Hugo Silva,2022-04-21,22000.0,12.31,Lagos,basic
36,1037,Tomas Farah,2023-11-09,17300.0,11.96,Lagos,premium
37,1038,Jonas Ivanov,2023-12-18,36800.0,16.74,Osaka,basic
38,1039,Liam Haddad,2024-02-16,83200.0,19.25,Lagos,plus
39,1040,Rafael Oyelaran,2024-05-18,52000.0,16.68,Osaka,plus
40,1041,Priya Dubois,2024-01-12,31700.0,15.26,Lagos,plus
41,1042,Yuki Bauer,2024-03-14,31100.0,10.94,Lagos,plus
42,1043,Sana Marek,2022-02-19,30000.0,15.79,Lagos,plus
43,1044,Dev Rossi,2022-08-24,25800.0,14.04,Lima,basic
44,1045,Hugo Bauer,2023-09-17,444300.0,28.35,Berlin,basic
45,1046,Noor Bauer,2024-05-10,74500.0,21.36,Lagos,basic
46,1047,Lena Mensah,2022-01-05,126600.0,17.89,Toronto,plus
47,1048,Diego Kim,2023-06-01,36700.0,11.65,Osaka,basic
48,1049,Kwame Oyelaran,2023-11-11,48200.0,17.74,Lima,basic
49,1050,Sana Farah,2022-01-31,30000.0,14.78,Lagos,premium
50,1051,Lena Silva,2023-02-08,5200.0,6.39,Berlin,basic
51,1052,Lena Novak,2024-06-18,16500.0,10.83,Osaka,basic
52,1053,Hugo Santos,2023-11-06,11200.0,11.26,Osaka,basic
53,1054,Hugo Oyelaran,2022-08-27,7500.0,9.82,Lagos,basic
54,1055,Tomas Marek,2024-05-06,19400.0,13.63,Lagos,plus
55,1056,Ana Santos,2022-12-16,187800.0,23.41,Berlin,basic
56,1057,Rafael Ivanov,2024-05-06,54800.0,13.38,Berlin,basic
57,1058,Ines Costa,2022-10-28,182100.0,25.42,Toronto,premium
58,1059,Freya Farah,2023-08-16,82500.0,22.41,Osaka,premium
59,1060,Kwame Farah,2023-02-03,115300.0,22.88,Lagos,plus
60,1061,Noor Oyelaran,2022-10-04,25300.0,12.09,Berlin,premium
61,1062,Jonas Ivanov,2024-06-08,91300.0,21.77,Lima,premium
62,1063,Diego Costa,2022-07-08,109800.0,23.09,Lima,basic
63,1064,Dev Santos,2022-03-28,33900.0,18.68,Lima,plus
64,1065,Rafael Weber,2022-12-09,94300.0,18.68,Berlin,plus
65,1066,Rafael Costa,2023-12-22,94900.0,20.07,Toronto,basic
66,1067,Dev Costa,2024-03-21,,17.1,Lagos,basic
67,1068,Hugo Rossi,2024-09-29,20800.0,13.08,Berlin,basic
68,1069,Sana Novak,2022-10-25,19600.0,10.32,Lima,plus
69,1070,Liam Dubois,2023-02-14,61600.0,19.26,Berlin,plus
70,1071,Elias Haddad,2022-05-18,76500.0,20.69,Osaka,plus
71,1072,Ana Dubois,2023-08-01,27900.0,14.61,Berlin,basic
72,1073,Elias Reyes,2024-09-27,58400.0,18.58,Osaka,basic
73,1074,Freya Haddad,2023-12-05,95300.0,20.03,Osaka,plus
74,1075,Lena Okafor,2023-08-21,99400.0,23.88,Lima,plus
75,1076,Diego Kim,2023-01-30,230400.0,23.09,Lagos,premium
76,1077,Priya Kim,2024-07-08,179900.0,22.51,Toronto,premium
77,1078,Noor Oyelaran,2023-05-15,23100.0,13.51,Berlin,premium
78,1079,Omar Costa,2022-05-16,259400.0,27.42,Lima,premium
79,1080,Ines Santos,2023-01-03,35300.0,12.46,Toronto,premium
80,1081,Elias Oyelaran,2022-03-09,146000.0,19.95,Toronto,plus
81,1082,Noor Dubois,2022-07-22,60600.0,14.03,Lagos,basic
82,1083,Noor Bauer,2022-01-19,39300.0,16.21,Lagos,basic
83,1084,Liam Silva,2023-03-31,11200.0,7.52,Lima,basic
84,1085,Liam Novak,2023-09-29,48800.0,16.42,Osaka,basic
85,1086,Omar Okafor,2022-12-12,14000.0,12.37,Lagos,basic
86,1087,Hugo Marek,2023-02-27,136100.0,21.0,Lima,premium
87,1088,Jonas Ivanov,2024-08-20,223200.0,25.31,Osaka,basic
88,1089,Amara Silva,2024-01-25,27800.0,13.78,Toronto,premium
89,1090,Priya Nakamura,2023-06-28,74800.0,20.77,Osaka,plus
90,1091,Priya Silva,2022-10-13,29700.0,15.74,Berlin,plus
91,1092,Tomas Oyelaran,2024-06-19,32400.0,13.72,Lima,plus
92,1093,Tomas Dubois,2022-08-25,114400.0,21.13,Toronto,basic
93,1094,Yuki Mensah,2022-11-23,55100.0,20.02,Toronto,plus
94,1095,Kwame Rossi,n/a,272800.0,26.65,Lagos,basic
95,1096,Jonas Weber,2023-06-16,36900.0,12.89,Lagos,premium
96,1097,Sana Mensah,2024-01-16,140100.0,23.87,Lagos,basic
97,1098,Elias Okafor,2023-08-17,62200.0,16.16,Berlin,basic
98,1099,Liam Farah,2023-10-18,116700.0,24.55,Lima,plus
99,1100,Liam Lindgren,2022-10-28,38100.0,18.14,Lima,plus
100,1101,Mei Khan,2022-08-31,54500.0,18.38,Berlin,plus
101,1102,Tomas Oyelaran,2022-11-21,51400.0,17.81,Toronto,plus
102,1103,Tomas Kim,2022-06-06,26900.0,13.81,Lima,basic
103,1104,Hugo Lindgren,2024-05-27,,22.4,Berlin,plus
104,1105,Ana Santos,2022-10-12,102300.0,20.15,Lagos,basic
105,1106,Ana Marek,2023-07-18,97200.0,21.16,Lima,basic
106,1107,Hugo Dubois,2024-03-06,227300.0,26.75,Lima,basic
107,1108,Amara Kim,2024-02-27,210100.0,23.34,Lagos,basic
108,1109,Dev Okafor,2023-03-16,40700.0,15.02,Berlin,basic
109,1110,Noor Khan,2023-04-24,79700.0,17.17,Lagos,plus
110,1111,Omar Ivanov,2024-09-25,32500.0,12.96,Toronto,basic
111,1112,Amara Haddad,2023-11-09,58200.0,14.26,Lima,basic
112,1113,Amara Rossi,2024-03-28,33200.0,16.83,Toronto,plus
113,1114,Lena Costa,2024-06-25,245000.0,29.09,Toronto,basic
114,1115,Ines Silva,2024-03-01,79100.0,22.63,Osaka,plus
115,1116,Tomas Reyes,2022-07-06,46800.0,13.6,Lagos,premium
116,1117,Freya Santos,2023-07-19,166900.0,24.89,Lagos,basic
117,1118,Tomas Marek,2022-04-13,8100.0,11.23,Lagos,premium
118,1119,Jonas Dubois,2023-10-18,9300.0,7.98,Osaka,basic
119,1120,Liam Weber,2024-08-16,116700.0,21.8,Lima,basic
120,1121,Omar Costa,2023-05-30,60200.0,14.06,Toronto,plus
121,1122,Dev Weber,2023-03-11,71400.0,19.69,Lagos,plus
122,1123,Sana Okafor,2022-02-07,17300.0,9.81,Osaka,premium
123,1124,Hugo Dubois,2024-08-21,55800.0,18.31,Berlin,basic
124,1125,Hugo Novak,2022-04-14,345900.0,23.74,Lima,plus
125,1126,Yuki Ivanov,2022-02-11,119700.0,22.85,Lagos,basic
126,1127,Yuki Rossi,2022-09-05,66400.0,20.91,Lagos,basic
127,1128,Jonas Farah,2022-03-08,38400.0,14.38,Berlin,basic
128,1129,Jonas Farah,2023-04-03,40000.0,13.84,Berlin,premium
129,1130,Yuki Costa,2023-06-02,8400.0,3.9,Berlin,basic
130,1131,Hugo Silva,2022-11-10,71900.0,18.6,Lagos,premium
131,1132,Ana Khan,2022-02-21,122000.0,20.58,Berlin,plus
132,1133,Elias Costa,2022-04-22,13800.0,7.65,Toronto,plus
133,1134,Noor Rossi,2023-01-22,31400.0,15.97,Lima,plus
134,1135,Sana Costa,2022-03-03,20100.0,11.84,Berlin,premium
135,1136,Ana Novak,2023-12-02,23900.0,11.4,Berlin,basic
136,1137,Yuki Lindgren,2022-07-28,59800.0,17.08,Lagos,basic
137,1138,Noor Ivanov,2022-10-31,8700.0,10.85,Lagos,plus
138,1139,Tomas Santos,2023-02-01,99100.0,22.03,Lagos,basic
139,1140,Dev Okafor,2023-02-23,112300.0,21.12,Toronto,basic
140,1141,Ana Ivanov,2022-01-03,,18.17,Berlin,basic
141,1142,Jonas Ivanov,2022-04-23,6100.0,4.39,Osaka,basic
142,1143,Noor Khan,2024-05-15,23200.0,13.57,Lima,basic
143,1144,Yuki Costa,2022-01-03,172900.0,23.86,Berlin,basic
144,1145,Ines Ivanov,2023-05-25,4700.0,4.54,Lagos,premium
145,1146,Lena Kim,2023-05-08,41700.0,17.35,Lima,basic
146,1147,Elias Rossi,unknown,19700.0,11.05,Lagos,premium
147,1148,Ines Nakamura,2023-03-09,,22.69,Osaka,premium
148,1149,Lena Dubois,2024-02-23,31000.0,16.11,Osaka,basic
149,1150,Ana Novak,2024-04-24,82000.0,13.69,Lagos,plus
150,1151,Mei Bauer,2022-09-20,94800.0,23.04,Lagos,plus
151,1152,Freya Reyes,2022-11-21,297600.0,19.86,Berlin,plus
152,1153,Ines Farah,2022-09-01,47500.0,15.79,Lima,basic
153,1154,Liam Costa,2023-04-27,80000.0,21.85,Lima,basic
154,1155,Liam Farah,2023-11-17,15000.0,10.66,Lagos,basic
155,1156,Jonas Oyelaran,2022-08-18,166400.0,20.28,Toronto,plus
156,1157,Omar Kim,2022-11-29,28700.0,12.27,Lima,premium
157,1158,Kwame Oyelaran,2024-07-23,34400.0,17.63,Lagos,plus
158,1159,Amara Marek,2022-02-18,55900.0,13.87,Osaka,plus
159,1160,Priya Santos,2023-04-08,14000.0,13.35,Osaka,premium
160,1161,Liam Farah,2023-12-15,,18.91,Lagos,plus
161,1162,Sana Khan,2022-06-01,,19.85,Lagos,basic
162,1163,Elias Haddad,2022-02-17,74200.0,18.09,Osaka,premium
163,1164,Kwame Novak,2022-05-19,13600.0,8.7,Toronto,basic
164,1165,Omar Costa,2024-07-11,,19.26,Lima,basic
165,1166,Ines Mensah,,111100.0,22.88,Toronto,plus
166,1167,Liam Bauer,2022-07-08,10500.0,5.93,Lima,premium
167,1168,Tomas Bauer,2022-02-02,21700.0,12.32,Toronto,basic
168,1169,Elias Rossi,--,125500.0,20.13,Lima,plus
169,1170,Kwame Lindgren,2023-09-15,72700.0,21.93,Lima,basic
170,1171,Sana Kim,2022-08-31,82600.0,17.02,Lima,basic
171,1172,Sana Nakamura,2023-07-26,303900.0,29.74,Berlin,basic
172,1173,Priya Kim,2023-08-16,86900.0,20.04,Berlin,plus
173,1174,Elias Khan,2024-05-02,103000.0,18.52,Lima,premium
174,1175,Yuki Silva,2022-01-06,653700.0,28.78,Berlin,basic
175,1176,Ines Novak,2024-05-06,47000.0,15.35,Berlin,basic
176,1177,Ana Dubois,2023-09-14,27800.0,11.73,Osaka,basic
177,1178,Elias Lindgren,2022-06-14,83800.0,20.13,Toronto,basic
178,1179,Yuki Reyes,2024-02-15,,17.4,Lagos,plus
179,1180,Dev Marek,2024-05-08,35500.0,11.05,Lima,plus
180,1181,Lena Reyes,2022-09-13,22500.0,12.56,Berlin,plus
181,1182,Kwame Reyes,2024-07-11,455700.0,24.61,Toronto,basic
182,1183,Omar Nakamura,2023-04-02,76500.0,17.89,Lima,plus
183,1184,Tomas Rossi,2023-08-29,29500.0,12.8,Berlin,basic
184,1185,Freya Santos,2024-09-15,130000.0,20.29,Toronto,basic
185,1186,Liam Oyelaran,2022-12-29,51700.0,21.71,Toronto,premium
186,1187,Noor Mensah,2024-03-27,45400.0,16.98,Berlin,plus
187,1188,Diego Okafor,2022-11-16,94500.0,21.04,Osaka,premium
188,1189,Amara Marek,2024-03-13,17800.0,8.45,Berlin,premium
189,1190,Mei Kim,,78300.0,18.21,Osaka,plus
190,1191,Freya Khan,2022-08-06,318800.0,27.06,Lima,premium
191,1192,Priya Haddad,2023-02-21,86700.0,17.95,Lima,basic
192,1193,Freya Farah,2022-11-16,40600.0,18.21,Lagos,basic
193,1194,Dev Bauer,2022-03-21,36100.0,13.19,Berlin,basic
194,1195,Diego Silva,2022-01-31,39400.0,15.55,Osaka,basic
195,1196,Amara Silva,2022-12-14,45400.0,15.63,Berlin,basic
196,1197,Mei Costa,2022-01-20,40600.0,16.65,Toronto,basic
197,1198,Amara Reyes,2022-06-16,130000.0,20.78,Osaka,plus
198,1199,Freya Silva,2023-12-29,12000.0,9.64,Lagos,plus
199,1200,Ana Rossi,2023-12-12,123800.0,21.38,Osaka,plus
200,1201,Elias Santos,2024-01-12,40500.0,14.75,Berlin,basic
201,1202,Liam Lindgren,2022-11-15,80000.0,20.71,Lagos,plus
202,1203,Tomas Nakamura,2024-06-12,20700.0,13.44,Lima,basic
203,1204,Noor Farah,2023-08-20,188400.0,23.79,Toronto,basic
204,1205,Priya Novak,2022-05-07,174900.0,22.7,Osaka,basic
205,1206,Yuki Haddad,2022-05-25,135200.0,23.99,Toronto,basic
206,1207,Ana Farah,2023-11-28,,10.69,Toronto,basic
207,1208,Freya Oyelaran,unknown,120200.0,21.09,Toronto,premium
208,1209,Elias Farah,2023-05-25,82100.0,20.04,Berlin,plus
209,1210,Ana Nakamura,2024-09-22,13400.0,14.32,Toronto,plus
210,1211,Priya Oyelaran,2022-01-05,55800.0,15.08,Lagos,basic
211,1212,Hugo Costa,2022-01-18,79100.0,21.26,Berlin,premium
212,1213,Noor Silva,2024-09-24,94000.0,16.53,Lagos,plus
213,1214,Diego Bauer,2023-08-10,66900.0,19.26,Berlin,basic
214,1215,Freya Marek,unknown,74100.0,22.62,Berlin,plus
215,1216,Dev Marek,2024-06-19,214700.0,25.66,Berlin,plus
216,1217,Lena Farah,2024-06-03,171800.0,23.87,Lima,basic
217,1218,Noor Farah,2023-06-23,4300.0,3.9,Lagos,basic
218,1219,Rafael Khan,2023-09-17,42800.0,16.63,Toronto,plus
219,1220,Dev Mensah,2022-10-03,49100.0,16.72,Lagos,basic
220,1221,Elias Rossi,2022-02-21,11800.0,8.48,Lagos,basic
221,1222,Omar Ivanov,2023-08-21,62000.0,17.81,Berlin,basic
222,1223,Ines Oyelaran,2022-10-24,175400.0,24.04,Lagos,premium
223,1224,Liam Lindgren,2023-10-29,21400.0,11.49,Lima,basic
224,1225,Ines Kim,2024-04-19,77200.0,17.82,Osaka,basic
225,1226,Elias Khan,2022-01-19,25000.0,11.02,Lima,basic
226,1227,Tomas Novak,2023-08-22,31100.0,15.79,Osaka,premium
227,1228,Rafael Costa,2022-08-22,215400.0,25.79,Osaka,plus
228,1229,Omar Weber,2024-05-27,35000.0,16.05,Lagos,premium
229,1230,Lena Farah,2022-09-13,86400.0,22.11,Toronto,basic
230,1231,Amara Farah,2023-09-06,,9.77,Berlin,basic
231,1232,Amara Dubois,2023-07-11,304600.0,27.2,Toronto,plus
232,1233,Freya Lindgren,2023-02-02,98000.0,21.35,Osaka,basic
233,1234,Yuki Costa,2023-11-12,48400.0,16.99,Osaka,premium
234,1235,Yuki Khan,2023-12-30,95700.0,19.48,Osaka,premium
235,1236,Amara Bauer,2023-07-24,16000.0,16.3,Toronto,plus
236,1237,Noor Ivanov,2024-02-01,165200.0,22.37,Toronto,premium
237,1238,Sana Santos,2024-09-13,42600.0,15.15,Berlin,plus
238,1239,Lena Novak,2023-02-26,47400.0,17.99,Osaka,basic
239,1240,Jonas Farah,2023-06-01,36600.0,16.31,Osaka,plus
240,1241,Ana Bauer,2022-01-13,33800.0,12.44,Berlin,basic
241,1242,Ana Santos,2024-03-10,106500.0,23.48,Toronto,premium
242,1243,Tomas Haddad,2023-06-07,71800.0,18.96,Berlin,basic
243,1244,Liam Nakamura,2023-02-14,102500.0,18.6,Lagos,basic
244,1245,Hugo Weber,2022-04-06,56600.0,20.46,Lima,plus
245,1246,Priya Reyes,2024-06-12,90500.0,21.63,Berlin,basic
246,1247,Hugo Weber,2023-02-01,39100.0,13.46,Toronto,basic
247,1248,Ana Dubois,2023-11-16,424000.0,31.77,Berlin,plus
248,1249,Omar Mensah,2022-05-31,13900.0,12.33,Berlin,basic
249,1250,Priya Dubois,2024-08-22,177300.0,23.65,Berlin,plus
250,1251,Omar Oyelaran,2022-06-29,195200.0,27.49,Lagos,basic
251,1252,Elias Reyes,2022-07-20,26500.0,14.51,Osaka,basic
252,1253,Ana Ivanov,2024-05-12,423900.0,27.97,Toronto,basic
253,1254,Ines Haddad,2024-07-04,139600.0,21.09,Lima,plus
254,1255,Ana Haddad,2022-08-02,136600.0,23.59,Lagos,premium
255,1256,Elias Marek,2023-04-18,58500.0,19.13,Lagos,basic
256,1257,Lena Bauer,2024-01-07,,17.06,Lagos,premium
257,1258,Elias Farah,2024-05-31,,15.4,Berlin,plus
258,1259,Diego Okafor,n/a,81000.0,20.03,Berlin,plus
259,1260,Tomas Costa,2023-06-04,201200.0,24.16,Lagos,plus
260,1261,Mei Farah,2024-01-15,67100.0,16.02,Lagos,plus
261,1262,Yuki Bauer,2024-01-04,25100.0,10.81,Lagos,premium
262,1263,Liam Rossi,2024-02-26,119700.0,22.9,Lagos,plus
263,1264,Priya Farah,2023-07-27,130600.0,16.68,Osaka,plus
264,1265,Priya Khan,2022-04-15,102700.0,21.38,Osaka,basic
265,1266,Rafael Silva,2024-06-26,111500.0,20.35,Berlin,basic
266,1267,Yuki Kim,2024-05-18,44700.0,19.53,Osaka,plus
267,1268,Rafael Silva,2024-03-12,24700.0,12.78,Toronto,basic
268,1269,Tomas Farah,2022-04-12,26100.0,15.48,Lima,basic
269,1270,Ines Novak,2022-07-25,13100.0,9.81,Lagos,basic
270,1271,Amara Okafor,unknown,70500.0,19.3,Berlin,basic
271,1272,Yuki Silva,2022-01-25,52900.0,19.17,Osaka,plus
272,1273,Lena Okafor,2024-09-10,38400.0,15.05,Berlin,plus
273,1274,Noor Costa,2023-01-14,4000.0,6.81,Osaka,basic
274,1275,Ines Oyelaran,2023-12-24,18500.0,10.29,Berlin,basic
275,1276,Lena Mensah,2024-06-10,156300.0,23.66,Lagos,basic
276,1277,Lena Rossi,2023-02-01,31300.0,16.94,Toronto,basic
277,1278,Elias Nakamura,2022-11-17,78900.0,21.01,Berlin,plus
278,1279,Amara Reyes,2023-09-04,16300.0,15.77,Toronto,plus
279,1280,Hugo Reyes,2023-08-07,208100.0,22.87,Toronto,plus
280,1281,Ines Novak,2023-02-15,50100.0,14.46,Toronto,plus
281,1282,Tomas Silva,2023-08-28,74000.0,17.22,Lima,premium
282,1283,Diego Haddad,2024-07-27,462300.0,29.85,Osaka,plus
283,1284,Kwame Haddad,2023-04-15,223200.0,25.87,Lima,plus
284,1285,Sana Costa,2022-07-18,43300.0,16.84,Berlin,plus
285,1286,Priya Dubois,2023-01-14,33400.0,12.97,Toronto,basic
286,1287,Ana Novak,2023-01-31,42500.0,18.14,Osaka,premium
287,1288,Freya Mensah,2022-05-12,90200.0,17.72,Lagos,basic
288,1289,Priya Nakamura,2022-06-14,51800.0,19.96,Berlin,basic
289,1290,Diego Farah,2023-11-19,39900.0,22.22,Osaka,premium
290,1291,Dev Bauer,2022-12-07,213500.0,25.37,Osaka,plus
291,1292,Omar Okafor,2024-08-16,51400.0,18.71,Lagos,basic
292,1293,Noor Khan,2022-09-02,451500.0,27.31,Toronto,basic
293,1294,Jonas Okafor,2022-04-11,61900.0,14.61,Berlin,basic
294,1295,Lena Bauer,2024-01-26,284200.0,24.77,Lima,plus
295,1296,Lena Khan,2024-06-03,78600.0,17.31,Lagos,basic
296,1297,Kwame Lindgren,2022-10-07,135600.0,19.29,Toronto,premium
297,1298,Liam Bauer,2022-07-22,29700.0,18.36,Berlin,premium
298,1299,Rafael Santos,2022-07-06,26400.0,14.72,Berlin,plus
299,1300,Sana Weber,2023-06-08,86200.0,20.87,Lima,plus
300,1301,Sana Santos,2023-04-16,138800.0,21.8,Toronto,basic
301,1302,Amara Farah,n/a,59100.0,17.82,Berlin,basic
302,1303,Lena Nakamura,2022-02-15,17900.0,14.23,Lagos,plus
303,1304,Liam Nakamura,2023-04-28,16800.0,11.82,Toronto,basic
304,1305,Elias Reyes,2024-08-20,15800.0,12.7,Lima,basic
305,1306,Lena Ivanov,2023-10-18,11600.0,9.63,Lagos,basic
306,1307,Hugo Mensah,2023-05-13,62900.0,17.77,Lagos,basic
307,1308,Jonas Weber,2022-04-22,156900.0,20.11,Osaka,basic
308,1309,Kwame Kim,2022-09-12,56300.0,13.79,Berlin,plus
309,1310,Dev Farah,2022-10-24,7500.0,7.31,Berlin,premium
310,1311,Noor Ivanov,2024-02-07,48000.0,17.26,Lima,plus
311,1312,Yuki Dubois,2024-05-29,49200.0,14.56,Osaka,premium
312,1313,Sana Haddad,2024-06-24,375900.0,27.36,Osaka,basic
313,1314,Liam Mensah,2024-09-15,15400.0,11.57,Lima,premium
314,1315,Ines Mensah,2024-09-12,40100.0,11.71,Berlin,plus
315,1316,Amara Rossi,2024-08-14,264600.0,23.75,Toronto,basic
316,1317,Noor Mensah,2022-03-14,85500.0,20.88,Lima,premium
317,1318,Yuki Oyelaran,2022-05-19,94600.0,21.35,Berlin,basic
318,1319,Kwame Kim,2022-11-02,63200.0,16.09,Lagos,basic
319,1320,Hugo Khan,2023-07-10,76700.0,19.82,Berlin,basic
320,1321,Jonas Khan,2022-04-08,114800.0,23.65,Berlin,basic
321,1322,Diego Ivanov,2024-04-29,27500.0,15.99,Lagos,basic
322,1323,Hugo Rossi,2023-09-12,125600.0,21.75,Lima,plus
323,1324,Tomas Nakamura,2023-06-29,16600.0,10.85,Lagos,premium
324,1325,Elias Bauer,2022-06-16,76600.0,18.16,Osaka,basic
325,1326,Tomas Oyelaran,2022-09-12,66900.0,19.78,Lagos,plus
326,1327,Kwame Bauer,2022-06-10,32700.0,15.63,Lima,basic
327,1328,Rafael Nakamura,2024-05-05,55800.0,19.22,Toronto,premium
328,1329,Hugo Weber,2023-08-10,32500.0,15.47,Lima,basic
329,1330,Dev Kim,2024-01-09,21700.0,14.89,Osaka,basic
330,1331,Yuki Marek,2022-10-25,41500.0,16.61,Berlin,plus
331,1332,Freya Haddad,2023-01-09,21100.0,14.68,Osaka,plus
332,1333,Rafael Oyelaran,2023-02-11,76200.0,21.28,Lima,plus
333,1334,Ines Reyes,2024-02-02,20200.0,11.12,Lima,plus
334,1335,Priya Farah,2024-02-15,108200.0,17.41,Lagos,plus
335,1336,Elias Weber,2022-07-27,19700.0,15.93,Lima,basic
336,1337,Sana Okafor,2023-13-45,34200.0,15.99,Berlin,basic
337,1338,Sana Marek,2022-05-02,32500.0,11.59,Osaka,basic
338,1339,Rafael Okafor,2024-06-18,187900.0,22.47,Toronto,basic
339,1340,Ines Khan,2022-04-12,76700.0,21.11,Lima,basic
340,1341,Amara Farah,2022-09-23,47100.0,16.46,Toronto,plus
341,1342,Elias Lindgren,2024-04-29,89300.0,19.17,Osaka,basic
342,1343,Yuki Bauer,2022-06-30,8600.0,11.49,Toronto,plus
343,1344,Noor Costa,2023-02-20,54800.0,15.6,Osaka,plus
344,1345,Noor Santos,2023-03-28,344100.0,25.31,Osaka,plus
345,1346,Elias Santos,2022-09-05,64200.0,19.04,Lagos,plus
346,1347,Priya Khan,2023-12-14,60600.0,19.13,Lagos,basic
347,1348,Dev Kim,2024-05-03,93400.0,21.51,Toronto,basic
348,1349,Amara Costa,2024-05-28,127600.0,23.94,Lima,plus
349,1350,Dev Okafor,2022-12-07,9400.0,9.41,Berlin,plus
350,1351,Ines Weber,2023-06-18,12500.0,11.44,Lima,basic
351,1352,Yuki Silva,unknown,68900.0,18.4,Toronto,basic
352,1353,Omar Costa,2022-09-04,30000.0,14.92,Berlin,plus
353,1354,Freya Costa,2022-06-12,185700.0,24.13,Osaka,plus
354,1355,Tomas Ivanov,2024-08-01,42900.0,17.03,Toronto,basic
355,1356,Jonas Nakamura,2024-06-10,10000.0,10.92,Toronto,basic
356,1357,Amara Santos,2024-02-20,18200.0,13.46,Lima,premium
357,1358,Priya Santos,2023-06-05,4800.0,5.72,Osaka,basic
358,1359,Ines Ivanov,2023-05-09,46200.0,15.25,Toronto,premium
359,1360,Kwame Costa,2023-06-16,48100.0,17.29,Lima,basic
360,1361,Omar Khan,2023-06-23,38900.0,16.03,Osaka,plus
361,1362,Lena Farah,2023-03-13,150500.0,23.26,Berlin,basic
362,1363,Hugo Farah,2022-05-13,167600.0,28.03,Lagos,basic
363,1364,Amara Okafor,2022-05-07,48900.0,16.13,Lagos,premium
364,1365,Tomas Oyelaran,2024-08-13,8300.0,9.25,Berlin,plus
365,1366,Amara Dubois,2023-04-30,99300.0,23.02,Lima,premium
366,1367,Priya Santos,2024-08-14,94000.0,20.71,Lima,basic
367,1368,Kwame Oyelaran,2022-06-14,75300.0,24.3,Lima,premium
368,1369,Amara Rossi,2023-07-11,137900.0,21.62,Lagos,premium
369,1370,Amara Reyes,2022-07-28,20000.0,13.44,Berlin,plus
370,1371,Lena Santos,unknown,347600.0,25.36,Lima,basic
371,1372,Sana Kim,2022-02-01,24000.0,12.94,Osaka,plus
372,1373,Hugo Mensah,2022-04-30,111900.0,21.9,Osaka,plus
373,1374,Ines Rossi,2024-07-09,12500.0,12.19,Lagos,premium
374,1375,Liam Silva,2022-11-20,24700.0,14.49,Toronto,basic
375,1376,Elias Farah,2023-09-04,223100.0,27.47,Berlin,basic
376,1377,Dev Khan,2023-04-12,45100.0,16.63,Toronto,basic
377,1378,Rafael Dubois,2023-02-07,121400.0,21.08,Lima,plus
378,1379,Amara Mensah,2023-06-19,70500.0,24.74,Osaka,premium
379,1380,Omar Marek,2022-07-08,51900.0,18.36,Toronto,basic
380,1381,Yuki Costa,2024-09-19,194500.0,22.63,Toronto,plus
381,1382,Priya Khan,2024-04-01,46100.0,15.48,Lagos,premium
382,1383,Mei Santos,2024-01-15,11500.0,8.02,Lagos,basic
383,1384,Sana Ivanov,2023-04-17,27700.0,16.36,Berlin,basic
384,1385,Omar Mensah,2022-06-03,,19.71,Osaka,plus
385,1386,Jonas Lindgren,2024-07-12,81400.0,20.05,Osaka,plus
386,1387,Freya Marek,2022-12-09,13900.0,10.81,Toronto,basic
387,1388,Lena Lindgren,2022-02-21,29700.0,16.28,Lagos,premium
388,1389,Noor Farah,2022-12-11,33800.0,13.61,Lima,plus
389,1390,Ana Reyes,2024-03-08,41000.0,14.09,Lagos,premium
390,1391,Diego Weber,2023-09-18,16500.0,12.27,Lima,premium
391,1392,Omar Farah,2024-01-24,32400.0,16.44,Berlin,premium
392,1393,Tomas Costa,2024-03-07,29600.0,15.42,Berlin,plus
393,1394,Freya Oyelaran,2022-08-02,114100.0,19.77,Osaka,basic
394,1395,Ines Novak,2024-07-16,118100.0,23.07,Lima,plus
395,1396,Dev Ivanov,2023-03-16,,15.78,Lima,basic
396,1397,Amara Bauer,2023-10-04,40100.0,15.15,Lima,plus
397,1398,Noor Kim,2022-01-04,64600.0,16.64,Toronto,basic
398,1399,Elias Ivanov,2024-09-24,27300.0,17.05,Osaka,plus
399,1400,Liam Dubois,2022-10-10,20300.0,14.17,Lima,basic
400,1401,Freya Rossi,2022-03-04,24500.0,15.05,Lima,basic
401,1402,Ines Khan,2023-04-06,32200.0,17.76,Lagos,basic
402,1403,Amara Santos,2022-05-11,20000.0,18.67,Berlin,plus
403,1404,Ines Farah,2022-06-03,66000.0,15.14,Lagos,plus
404,1405,Mei Lindgren,2023-09-27,109900.0,19.73,Berlin,basic
405,1406,Freya Reyes,2023-01-31,13700.0,9.58,Toronto,premium
406,1407,Jonas Kim,unknown,58300.0,16.33,Berlin,premium
407,1408,Hugo Bauer,2022-11-17,46800.0,14.75,Osaka,basic
408,1409,Freya Farah,2023-12-30,77500.0,18.91,Lima,plus
409,1410,Jonas Lindgren,2023-04-09,56300.0,15.38,Toronto,basic
410,1411,Freya Oyelaran,2023-10-25,15400.0,12.16,Toronto,basic
411,1412,Omar Oyelaran,2023-08-25,18300.0,12.43,Osaka,plus
412,1413,Sana Okafor,2023-04-20,58500.0,19.14,Lagos,basic
413,1414,Jonas Reyes,2024-08-12,,23.7,Lima,premium
414,1415,Diego Novak,2022-12-11,7800.0,9.32,Osaka,premium
415,1416,Kwame Haddad,2022-06-28,77800.0,18.77,Osaka,premium
416,1417,Tomas Farah,2023-11-13,166300.0,27.81,Berlin,plus
417,1418,Diego Santos,2024-04-29,49700.0,17.81,Berlin,plus
418,1419,Lena Silva,2022-02-10,93500.0,16.56,Lagos,premium
419,1420,Freya Khan,2023-03-28,30300.0,12.74,Osaka,basic
420,1421,Ana Oyelaran,2024-06-14,51200.0,13.81,Osaka,basic
421,1422,Priya Novak,2024-01-23,13300.0,10.76,Lagos,plus
422,1423,Freya Novak,2024-09-22,6900.0,7.19,Lagos,basic
423,1424,Yuki Okafor,2023-06-19,133200.0,21.26,Berlin,basic
424,1425,Lena Weber,2023-10-25,23500.0,17.79,Berlin,basic
425,1426,Elias Bauer,2022-11-01,37800.0,17.1,Lima,plus
426,1427,Elias Haddad,2024-08-08,16400.0,13.3,Osaka,basic
427,1428,Ana Bauer,2023-01-04,16000.0,9.69,Berlin,basic
428,1429,Kwame Okafor,2024-01-12,48700.0,15.12,Berlin,basic
429,1430,Jonas Bauer,2023-02-09,29600.0,14.8,Berlin,basic
430,1431,Elias Khan,2023-07-19,80100.0,20.06,Lima,premium
431,1432,Omar Santos,2023-12-25,85700.0,16.14,Lagos,basic
432,1433,Lena Oyelaran,2023-05-26,76100.0,19.07,Berlin,plus
433,1434,Lena Bauer,2024-06-28,70700.0,19.11,Lima,plus
434,1435,Noor Novak,2023-02-26,235800.0,24.65,Osaka,basic
435,1436,Tomas Haddad,2023-10-12,21800.0,11.49,Berlin,premium
436,1437,Omar Farah,--,54300.0,16.62,Berlin,plus
437,1438,Jonas Nakamura,2023-02-15,158000.0,22.73,Berlin,plus
438,1439,Ines Marek,2023-03-18,177900.0,23.88,Osaka,basic
439,1440,Ines Weber,2022-05-07,15900.0,12.89,Berlin,basic
440,1441,Dev Reyes,2022-04-04,43000.0,18.86,Osaka,premium
441,1442,Noor Silva,2023-11-02,193500.0,23.49,Toronto,plus
442,1443,Lena Marek,2023-10-20,90000.0,19.33,Osaka,premium
443,1444,Dev Silva,2023-10-27,68000.0,19.8,Berlin,premium
444,1445,Freya Kim,2022-01-21,46900.0,18.31,Osaka,basic
445,1446,Dev Marek,2022-11-24,,15.37,Berlin,plus
446,1447,Ines Lindgren,2022-07-19,73900.0,20.96,Berlin,plus
447,1448,Amara Weber,2024-02-21,45400.0,18.92,Lagos,plus
448,1449,Ines Okafor,2024-05-14,54900.0,20.52,Berlin,basic
449,1450,Dev Weber,2022-09-06,61200.0,22.09,Lima,basic
450,1451,Freya Novak,2023-11-02,31000.0,13.14,Berlin,plus
451,1452,Kwame Reyes,2022-05-11,92000.0,20.42,Lima,plus
452,1453,Tomas Marek,2022-10-04,785100.0,31.14,Berlin,plus
453,1454,Noor Silva,2022-05-20,11500.0,9.79,Lagos,basic
454,1455,Mei Okafor,2022-10-12,76300.0,18.09,Toronto,basic
455,1456,Hugo Silva,2023-11-09,28800.0,11.47,Lima,premium
456,1457,Mei Lindgren,2024-07-02,,20.79,Lagos,basic
457,1458,Rafael Ivanov,2022-07-23,59400.0,16.59,Berlin,basic
458,1459,Ines Santos,2023-06-29,113200.0,21.61,Lima,plus
459,1460,Ana Weber,2023-12-06,164200.0,21.62,Berlin,basic
460,1461,Diego Costa,2024-08-14,67800.0,16.56,Lima,plus
461,1462,Noor Farah,2023-09-05,157900.0,23.59,Lima,basic
462,1463,Kwame Khan,2022-09-14,6900.0,7.76,Berlin,premium
463,1464,Ines Rossi,2023-09-20,238500.0,26.37,Berlin,premium
464,1465,Noor Costa,2022-11-18,79900.0,24.28,Lagos,premium
465,1466,Ines Oyelaran,2024-09-06,150400.0,23.43,Lima,plus
466,1467,Ana Weber,2023-02-06,19000.0,13.53,Lima,basic
467,1468,Noor Khan,2023-11-20,27000.0,12.0,Lima,plus
468,1469,Yuki Farah,2022-01-25,65000.0,15.95,Lagos,premium
469,1470,Tomas Nakamura,2023-02-07,56100.0,21.24,Berlin,plus
470,1471,Jonas Dubois,2024-05-28,73500.0,17.33,Lagos,plus
471,1472,Priya Ivanov,2023-09-05,151300.0,20.69,Berlin,plus
472,1473,Omar Farah,2023-03-22,11600.0,9.96,Lima,plus
473,1474,Elias Farah,2024-07-28,136900.0,22.19,Toronto,plus
474,1475,Priya Kim,2024-05-07,57400.0,16.14,Lima,basic
475,1476,Dev Rossi,2022-11-21,,16.44,Lima,plus
476,1477,Sana Dubois,2023-07-01,15200.0,13.97,Lima,plus
477,1478,Hugo Weber,2023-05-08,89600.0,18.57,Toronto,basic
478,1479,Noor Weber,2023-09-27,6500.0,4.22,Lagos,premium
479,1480,Elias Dubois,2022-12-02,102200.0,22.9,Lagos,plus
480,1481,Yuki Dubois,2022-09-02,14900.0,12.33,Toronto,basic
481,1482,Lena Haddad,2024-07-04,59800.0,16.94,Lima,premium
482,1483,Priya Costa,2024-07-16,51200.0,14.14,Toronto,plus
483,1484,Sana Rossi,2024-04-26,163300.0,21.7,Lima,plus
484,1485,Priya Novak,2024-09-09,48500.0,17.08,Lagos,basic
485,1486,Ana Dubois,2024-01-18,30500.0,17.32,Berlin,premium
486,1487,Tomas Ivanov,2024-02-07,36100.0,13.54,Berlin,basic
487,1488,Omar Haddad,2024-02-05,179200.0,23.55,Toronto,plus
488,1489,Dev Costa,2023-04-28,92400.0,21.83,Lima,basic
489,1490,Mei Costa,2023-04-04,40300.0,11.27,Toronto,plus
490,1491,Rafael Marek,2022-08-30,46100.0,19.11,Berlin,plus
491,1492,Ines Weber,2023-10-10,13900.0,8.46,Lagos,plus
492,1493,Rafael Oyelaran,2022-10-18,80900.0,20.45,Toronto,plus
493,1494,Sana Rossi,2022-09-16,11700.0,10.6,Lima,premium
494,1495,Kwame Santos,2023-08-11,112100.0,23.66,Toronto,plus
495,1496,Liam Nakamura,2023-02-16,64000.0,19.74,Lagos,basic
496,1497,Yuki Dubois,2022-08-09,488500.0,23.75,Osaka,premium
497,1498,Ines Weber,2023-13-45,21200.0,11.41,Lima,plus
498,1499,Ines Mensah,2024-05-14,52000.0,17.83,Lagos,premium
499,1500,Elias Nakamura,2022-06-18,287600.0,25.68,Osaka,premium
500,1501,Lena Marek,2022-01-09,166600.0,24.37,Berlin,premium
501,1502,Rafael Reyes,2022-12-05,30500.0,16.53,Lima,plus
502,1503,Omar Khan,2024-03-11,69700.0,20.28,Berlin,plus
503,1504,Diego Nakamura,2024-04-22,57100.0,17.56,Toronto,basic
504,1505,Amara Nakamura,2022-05-19,73500.0,15.39,Lima,plus
505,1506,Ana Santos,2024-02-16,30400.0,13.9,Osaka,plus
506,1507,Kwame Rossi,2022-04-27,52600.0,18.47,Toronto,plus
507,1508,Ines Bauer,2023-01-27,13500.0,8.51,Lima,premium
508,1509,Mei Ivanov,2024-09-29,64400.0,19.94,Lima,basic
509,1510,Freya Farah,2022-07-13,85500.0,21.94,Osaka,basic
510,1511,Dev Okafor,2022-06-04,46400.0,17.24,Lima,plus
511,1512,Diego Bauer,2023-03-01,13300.0,4.29,Lagos,basic
512,1513,Lena Okafor,2023-09-14,,19.77,Osaka,basic
513,1514,Dev Kim,2024-07-25,79100.0,23.6,Lagos,basic
514,1515,Rafael Rossi,2024-09-11,29700.0,13.59,Berlin,premium
515,1516,Tomas Silva,2022-03-11,44300.0,12.57,Osaka,plus
516,1517,Amara Rossi,2022-05-19,14800.0,13.85,Lagos,basic
517,1518,Dev Marek,2024-03-05,22700.0,13.42,Lima,basic
518,1519,Priya Novak,2022-09-29,35100.0,17.9,Lagos,plus
519,1520,Noor Bauer,2024-06-06,172200.0,24.11,Toronto,basic
520,1521,Amara Reyes,2023-10-29,32100.0,16.09,Osaka,plus
521,1522,Noor Mensah,2022-04-23,101400.0,21.64,Lagos,plus
522,1523,Amara Silva,2024-04-16,35100.0,17.04,Berlin,basic
523,1524,Kwame Weber,2022-06-27,71300.0,23.9,Lima,plus
524,1525,Jonas Farah,2023-03-02,50200.0,19.4,Berlin,basic
525,1526,Ines Mensah,2023-07-10,125100.0,18.61,Lima,basic
526,1527,Ines Lindgren,2023-05-18,35200.0,16.53,Toronto,premium
527,1528,Dev Lindgren,2023-11-21,13800.0,13.31,Berlin,plus
528,1529,Noor Santos,2023-10-18,16400.0,14.3,Osaka,premium
529,1530,Noor Rossi,2024-09-23,35300.0,14.71,Lima,basic
530,1531,Hugo Oyelaran,2024-09-30,18500.0,14.82,Berlin,basic
531,1532,Omar Marek,2023-06-03,82500.0,21.8,Berlin,plus
532,1533,Hugo Mensah,2022-04-06,37500.0,21.31,Berlin,plus
533,1534,Priya Weber,2024-01-01,483100.0,27.11,Osaka,premium
534,1535,Liam Novak,unknown,11900.0,9.1,Toronto,basic
535,1536,Jonas Haddad,2022-11-16,68500.0,18.28,Toronto,premium
536,1537,Hugo Nakamura,2023-04-09,20700.0,11.91,Lima,premium
537,1538,Tomas Silva,2023-03-03,36600.0,13.92,Osaka,plus
538,1539,Amara Silva,2022-02-22,64700.0,12.83,Lima,basic
539,1540,Noor Bauer,2023-11-07,7000.0,6.6,Toronto,plus
540,1541,Priya Lindgren,2022-12-21,70500.0,19.84,Lagos,basic
541,1542,Elias Costa,2024-03-01,316000.0,25.53,Berlin,plus
542,1543,Kwame Bauer,2024-04-15,37900.0,20.02,Lima,plus
543,1544,Lena Lindgren,2024-04-04,72000.0,19.2,Lima,premium
544,1545,Jonas Farah,2023-02-23,143400.0,25.32,Berlin,plus
545,1546,Ines Dubois,2022-11-20,49200.0,17.81,Toronto,plus
546,1547,Lena Mensah,2024-01-23,33800.0,17.12,Osaka,plus
547,1548,Liam Okafor,2024-03-15,7400.0,8.38,Toronto,plus
548,1549,Lena Santos,2023-05-09,101500.0,23.76,Lima,premium
549,1550,Freya Dubois,2024-06-14,51500.0,17.61,Lagos,basic
550,1551,Tomas Ivanov,2022-05-25,22900.0,14.48,Berlin,premium
551,1552,Priya Silva,2024-05-31,63900.0,19.34,Lagos,premium
552,1553,Liam Silva,2022-04-07,33700.0,14.77,Berlin,premium
553,1554,Kwame Khan,2022-06-04,35400.0,16.47,Berlin,plus
554,1555,Priya Novak,2023-06-21,98400.0,25.42,Lagos,premium
555,1556,Sana Haddad,2022-03-10,17100.0,11.41,Lima,basic
556,1557,Yuki Kim,2022-02-23,146300.0,23.59,Lagos,plus
557,1558,Yuki Ivanov,2022-01-02,16200.0,14.35,Lagos,basic
558,1559,Elias Costa,2023-03-15,31400.0,17.41,Lima,basic
559,1560,Amara Ivanov,2024-02-17,321700.0,26.68,Toronto,basic
560,1561,Freya Okafor,2022-02-04,157200.0,18.07,Lagos,basic
561,1562,Ana Haddad,2023-10-17,62200.0,19.52,Osaka,basic
562,1563,Lena Bauer,2024-04-05,24400.0,9.1,Lagos,premium
563,1564,Diego Weber,2022-06-19,35400.0,18.71,Osaka,basic
564,1565,Rafael Weber,2022-05-28,60900.0,18.69,Osaka,plus
565,1566,Noor Oyelaran,2024-05-14,,20.27,Toronto,basic
566,1567,Hugo Santos,2024-04-05,52500.0,15.69,Lagos,plus
567,1568,Sana Okafor,2023-06-26,55400.0,14.6,Berlin,plus
568,1569,Amara Mensah,2024-04-02,47000.0,17.58,Lima,basic
569,1570,Amara Nakamura,2022-04-04,15600.0,11.45,Lagos,plus
570,1571,Diego Rossi,2023-02-01,35800.0,14.64,Lima,premium
571,1572,Priya Bauer,2024-01-11,129800.0,22.29,Berlin,premium
572,1573,Liam Ivanov,--,16600.0,17.64,Lima,basic
573,1574,Ines Santos,2024-01-25,48100.0,18.9,Lagos,plus
574,1575,Jonas Reyes,2023-05-22,27300.0,16.52,Lima,plus
575,1576,Mei Nakamura,2024-01-24,63000.0,20.27,Lagos,basic
576,1577,Noor Khan,2023-04-12,40200.0,19.36,Osaka,premium
577,1578,Liam Costa,2023-01-05,215400.0,24.25,Osaka,basic
578,1579,Omar Reyes,2022-08-09,89900.0,15.96,Berlin,premium
579,1580,Mei Rossi,2022-07-29,17500.0,11.7,Lagos,basic
580,1581,Rafael Ivanov,2024-01-25,104300.0,22.73,Lagos,basic
581,1582,Lena Nakamura,2022-04-30,28400.0,12.48,Lagos,premium
582,1583,Ines Farah,2022-03-29,33900.0,15.03,Lagos,premium
583,1584,Freya Mensah,2022-06-27,75600.0,17.96,Lima,premium
584,1585,Elias Khan,2022-06-26,36600.0,18.94,Toronto,premium
585,1586,Sana Weber,2024-04-05,127300.0,23.59,Lima,basic
586,1587,Mei Silva,2023-02-05,28400.0,15.89,Osaka,basic
587,1588,Freya Rossi,2024-09-20,32700.0,16.53,Lagos,basic
588,1589,Liam Silva,2022-05-19,31600.0,14.97,Berlin,plus
589,1590,Ana Novak,2023-10-19,34300.0,15.88,Osaka,basic
590,1591,Sana Khan,2023-03-28,153300.0,20.46,Lima,premium
591,1592,Jonas Dubois,2023-01-31,100400.0,16.24,Osaka,basic
592,1593,Noor Rossi,2024-05-28,265600.0,26.01,Lagos,basic
593,1594,Omar Costa,2024-09-05,438800.0,28.89,Lima,basic
594,1595,Rafael Novak,2024-05-26,22500.0,15.89,Lima,basic
595,1596,Noor Kim,2022-07-13,60700.0,21.61,Osaka,basic
596,1597,Yuki Marek,2022-08-10,19800.0,16.01,Berlin,plus
597,1598,Ines Weber,2023-10-21,28300.0,12.4,Toronto,basic
598,1599,Amara Lindgren,2022-10-18,32300.0,14.42,Osaka,plus
599,1600,Lena Weber,2024-01-08,22000.0,14.25,Osaka,premium
